1-Wire/iButton Part Number: DS1923,,
1-Wire/iButton Registration Number: C20000002BB97B41,,
Mission in Progress?  true,,
SUTA Mission?  false,,
Waiting for Temperature Alarm?  false,,
Sample Rate:  Every 3600 second(s),,
Mission Start Time:  Thu May 30 11:08:01 CST 2013,,
Mission Sample Count:  1775,,
Roll Over Enabled?  true(no rollover occurred),,
First Sample Timestamp:  Thu May 30 11:08:01 CST 2013,,
Total Mission Samples:  1775,,
Total Device Samples:  9014,,
Temperature Logging:  0.0625 C,,
Temperature High Alarm:  disabled,,
Temperature Low Alarm:  disabled,,
Data Logging:  0.04 %RH,,
Data High Alarm:  disabled,,
Data Low Alarm:  disabled,,
,,
Date/Time,Unit,Value
05-30-13 11:08:01 AM,C,33.025
05-30-13 12:08:01 PM,C,33.025
05-30-13 01:08:01 PM,C,34.96
05-30-13 02:08:01 PM,C,36.082
05-30-13 03:08:01 PM,C,33.587
05-30-13 04:08:01 PM,C,26.531
05-30-13 05:08:01 PM,C,26.344
05-30-13 06:08:01 PM,C,25.094
05-30-13 07:08:01 PM,C,24.281
05-30-13 08:08:01 PM,C,23.781
05-30-13 09:08:01 PM,C,23.281
05-30-13 10:08:01 PM,C,23.031
05-30-13 11:08:01 PM,C,22.656
05-31-13 12:08:01 AM,C,22.03
05-31-13 01:08:01 AM,C,21.342
05-31-13 02:08:01 AM,C,21.154
05-31-13 03:08:01 AM,C,21.092
05-31-13 04:08:01 AM,C,20.904
05-31-13 05:08:01 AM,C,19.966
05-31-13 06:08:01 AM,C,20.154
05-31-13 07:08:01 AM,C,22.343
05-31-13 08:08:01 AM,C,29.592
05-31-13 09:08:01 AM,C,31.34
05-31-13 10:08:01 AM,C,33.213
05-31-13 11:08:01 AM,C,34.149
05-31-13 12:08:01 PM,C,34.585
05-31-13 01:08:01 PM,C,35.833
05-31-13 02:08:01 PM,C,37.205
05-31-13 03:08:01 PM,C,34.773
05-31-13 04:08:01 PM,C,21.905
05-31-13 05:08:01 PM,C,22.155
05-31-13 06:08:01 PM,C,23.093
05-31-13 07:08:01 PM,C,23.468
05-31-13 08:08:01 PM,C,23.093
05-31-13 09:08:01 PM,C,22.718
05-31-13 10:08:01 PM,C,22.405
05-31-13 11:08:01 PM,C,22.53
06/01/2013 00:08,C,22.343
06/01/2013 01:08,C,22.093
06/01/2013 02:08,C,21.843
06/01/2013 03:08,C,21.717
06/01/2013 04:08,C,21.53
06/01/2013 05:08,C,21.154
06/01/2013 06:08,C,21.28
06/01/2013 07:08,C,22.468
06/01/2013 08:08,C,27.593
06/01/2013 09:08,C,28.968
06/01/2013 10:08,C,31.652
06/01/2013 11:08,C,32.776
06/01/2013 12:08,C,34.211
06/01/2013 13:08,C,35.272
06/01/2013 14:08,C,28.53
06/01/2013 15:08,C,25.406
06/01/2013 16:08,C,25.906
06/01/2013 17:08,C,24.969
06/01/2013 18:08,C,24.281
06/01/2013 19:08,C,23.281
06/01/2013 20:08,C,22.843
06/01/2013 21:08,C,22.906
06/01/2013 22:08,C,22.656
06/01/2013 23:08,C,22.218
06/02/2013 00:08,C,21.717
06/02/2013 01:08,C,21.53
06/02/2013 02:08,C,21.154
06/02/2013 03:08,C,20.529
06/02/2013 04:08,C,20.404
06/02/2013 05:08,C,20.404
06/02/2013 06:08,C,20.654
06/02/2013 07:08,C,22.343
06/02/2013 08:08,C,27.906
06/02/2013 09:08,C,30.529
06/02/2013 10:08,C,32.339
06/02/2013 11:08,C,32.089
06/02/2013 12:08,C,34.211
06/02/2013 13:08,C,35.583
06/02/2013 14:08,C,24.906
06/02/2013 15:08,C,34.211
06/02/2013 16:08,C,31.59
06/02/2013 17:08,C,27.781
06/02/2013 18:08,C,25.844
06/02/2013 19:08,C,23.406
06/02/2013 20:08,C,23.656
06/02/2013 21:08,C,23.718
06/02/2013 22:08,C,23.656
06/02/2013 23:08,C,23.656
06/03/2013 00:08,C,23.218
06/03/2013 01:08,C,22.906
06/03/2013 02:08,C,22.906
06/03/2013 03:08,C,22.843
06/03/2013 04:08,C,22.718
06/03/2013 05:08,C,22.093
06/03/2013 06:08,C,22.093
06/03/2013 07:08,C,23.031
06/03/2013 08:08,C,26.594
06/03/2013 09:08,C,30.903
06/03/2013 10:08,C,32.339
06/03/2013 11:08,C,32.901
06/03/2013 12:08,C,34.96
06/03/2013 13:08,C,34.273
06/03/2013 14:08,C,21.968
06/03/2013 15:08,C,21.655
06/03/2013 16:08,C,22.093
06/03/2013 17:08,C,21.905
06/03/2013 18:08,C,21.843
06/03/2013 19:08,C,21.405
06/03/2013 20:08,C,21.029
06/03/2013 21:08,C,20.967
06/03/2013 22:08,C,21.154
06/03/2013 23:08,C,21.405
06/04/2013 00:08,C,21.092
06/04/2013 01:08,C,20.967
06/04/2013 02:08,C,20.904
06/04/2013 03:08,C,20.529
06/04/2013 04:08,C,20.279
06/04/2013 05:08,C,20.341
06/04/2013 06:08,C,20.529
06/04/2013 07:08,C,21.592
06/04/2013 08:08,C,24.219
06/04/2013 09:08,C,27.343
06/04/2013 10:08,C,31.34
06/04/2013 11:08,C,32.901
06/04/2013 12:08,C,31.028
06/04/2013 13:08,C,33.088
06/04/2013 14:08,C,27.968
06/04/2013 15:08,C,26.031
06/04/2013 16:08,C,25.469
06/04/2013 17:08,C,24.594
06/04/2013 18:08,C,23.343
06/04/2013 19:08,C,23.218
06/04/2013 20:08,C,22.843
06/04/2013 21:08,C,22.468
06/04/2013 22:08,C,22.343
06/04/2013 23:08,C,21.905
06/05/2013 00:08,C,21.78
06/05/2013 01:08,C,21.592
06/05/2013 02:08,C,21.655
06/05/2013 03:08,C,21.655
06/05/2013 04:08,C,21.405
06/05/2013 05:08,C,21.092
06/05/2013 06:08,C,21.717
06/05/2013 07:08,C,23.593
06/05/2013 08:08,C,25.281
06/05/2013 09:08,C,30.841
06/05/2013 10:08,C,32.401
06/05/2013 11:08,C,34.211
06/05/2013 12:08,C,34.211
06/05/2013 13:08,C,36.706
06/05/2013 14:08,C,29.842
06/05/2013 15:08,C,23.844
06/05/2013 16:08,C,23.468
06/05/2013 17:08,C,23.281
06/05/2013 18:08,C,22.968
06/05/2013 19:08,C,22.468
06/05/2013 20:08,C,22.155
06/05/2013 21:08,C,21.905
06/05/2013 22:08,C,21.905
06/05/2013 23:08,C,21.78
06/06/2013 00:08,C,21.467
06/06/2013 01:08,C,21.467
06/06/2013 02:08,C,21.53
06/06/2013 03:08,C,21.405
06/06/2013 04:08,C,21.28
06/06/2013 05:08,C,21.217
06/06/2013 06:08,C,21.342
06/06/2013 07:08,C,22.906
06/06/2013 08:08,C,26.156
06/06/2013 09:08,C,31.652
06/06/2013 10:08,C,34.336
06/06/2013 11:08,C,32.651
06/06/2013 12:08,C,33.65
06/06/2013 13:08,C,36.831
06/06/2013 14:08,C,31.777
06/06/2013 15:08,C,29.717
06/06/2013 16:08,C,28.28
06/06/2013 17:08,C,24.656
06/06/2013 18:08,C,24.406
06/06/2013 19:08,C,22.405
06/06/2013 20:08,C,22.03
06/06/2013 21:08,C,22.343
06/06/2013 22:08,C,22.28
06/06/2013 23:08,C,22.155
06/07/2013 00:08,C,21.968
06/07/2013 01:08,C,22.03
06/07/2013 02:08,C,21.905
06/07/2013 03:08,C,21.905
06/07/2013 04:08,C,21.342
06/07/2013 05:08,C,21.154
06/07/2013 06:08,C,21.405
06/07/2013 07:08,C,22.656
06/07/2013 08:08,C,26.969
06/07/2013 09:08,C,28.655
06/07/2013 10:08,C,30.529
06/07/2013 11:08,C,31.278
06/07/2013 12:08,C,33.65
06/07/2013 13:08,C,34.648
06/07/2013 14:08,C,36.706
06/07/2013 15:08,C,30.341
06/07/2013 16:08,C,23.468
06/07/2013 17:08,C,22.906
06/07/2013 18:08,C,22.405
06/07/2013 19:08,C,22.343
06/07/2013 20:08,C,21.905
06/07/2013 21:08,C,21.342
06/07/2013 22:08,C,21.405
06/07/2013 23:08,C,21.405
06/08/2013 00:08,C,21.28
06/08/2013 01:08,C,21.53
06/08/2013 02:08,C,21.655
06/08/2013 03:08,C,21.592
06/08/2013 04:08,C,21.78
06/08/2013 05:08,C,21.342
06/08/2013 06:08,C,21.342
06/08/2013 07:08,C,22.718
06/08/2013 08:08,C,27.093
06/08/2013 09:08,C,31.528
06/08/2013 10:08,C,30.529
06/08/2013 11:08,C,32.713
06/08/2013 12:08,C,34.648
06/08/2013 13:08,C,32.776
06/08/2013 14:08,C,30.591
06/08/2013 15:08,C,31.652
06/08/2013 16:08,C,32.277
06/08/2013 17:08,C,30.029
06/08/2013 18:08,C,25.531
06/08/2013 19:08,C,24.219
06/08/2013 20:08,C,23.781
06/08/2013 21:08,C,22.968
06/08/2013 22:08,C,22.093
06/08/2013 23:08,C,21.655
06/09/2013 00:08,C,22.343
06/09/2013 01:08,C,21.342
06/09/2013 02:08,C,21.28
06/09/2013 03:08,C,21.092
06/09/2013 04:08,C,20.341
06/09/2013 05:08,C,19.903
06/09/2013 06:08,C,20.466
06/09/2013 07:08,C,23.031
06/09/2013 08:08,C,26.406
06/09/2013 09:08,C,29.53
06/09/2013 10:08,C,32.589
06/09/2013 11:08,C,34.461
06/09/2013 12:08,C,35.771
06/09/2013 13:08,C,36.644
06/09/2013 14:08,C,37.08
06/09/2013 15:08,C,36.519
06/09/2013 16:08,C,30.966
06/09/2013 17:08,C,31.59
06/09/2013 18:08,C,25.844
06/09/2013 19:08,C,24.469
06/09/2013 20:08,C,23.969
06/09/2013 21:08,C,23.781
06/09/2013 22:08,C,22.656
06/09/2013 23:08,C,22.781
06/10/2013 00:08,C,21.28
06/10/2013 01:08,C,20.904
06/10/2013 02:08,C,20.404
06/10/2013 03:08,C,20.529
06/10/2013 04:08,C,20.154
06/10/2013 05:08,C,19.903
06/10/2013 06:08,C,20.904
06/10/2013 07:08,C,21.843
06/10/2013 08:08,C,28.53
06/10/2013 09:08,C,31.403
06/10/2013 10:08,C,33.462
06/10/2013 11:08,C,35.771
06/10/2013 12:08,C,35.583
06/10/2013 13:08,C,37.267
06/10/2013 14:08,C,37.267
06/10/2013 15:08,C,36.519
06/10/2013 16:08,C,30.216
06/10/2013 17:08,C,24.219
06/10/2013 18:08,C,24.031
06/10/2013 19:08,C,22.718
06/10/2013 20:08,C,21.968
06/10/2013 21:08,C,21.78
06/10/2013 22:08,C,21.217
06/10/2013 23:08,C,20.591
06/11/2013 00:08,C,20.154
06/11/2013 01:08,C,19.841
06/11/2013 02:08,C,19.778
06/11/2013 03:08,C,19.09
06/11/2013 04:08,C,19.09
06/11/2013 05:08,C,18.777
06/11/2013 06:08,C,19.027
06/11/2013 07:08,C,20.904
06/11/2013 08:08,C,26.906
06/11/2013 09:08,C,31.84
06/11/2013 10:08,C,33.462
06/11/2013 11:08,C,36.332
06/11/2013 12:08,C,36.082
06/11/2013 13:08,C,36.706
06/11/2013 14:08,C,37.766
06/11/2013 15:08,C,36.457
06/11/2013 16:08,C,32.963
06/11/2013 17:08,C,28.093
06/11/2013 18:08,C,24.594
06/11/2013 19:08,C,22.843
06/11/2013 20:08,C,22.781
06/11/2013 21:08,C,22.593
06/11/2013 22:08,C,22.28
06/11/2013 23:08,C,21.968
06/12/2013 00:08,C,21.655
06/12/2013 01:08,C,21.905
06/12/2013 02:08,C,21.467
06/12/2013 03:08,C,21.342
06/12/2013 04:08,C,21.342
06/12/2013 05:08,C,21.53
06/12/2013 06:08,C,21.655
06/12/2013 07:08,C,22.468
06/12/2013 08:08,C,28.218
06/12/2013 09:08,C,29.592
06/12/2013 10:08,C,33.712
06/12/2013 11:08,C,35.022
06/12/2013 12:08,C,31.902
06/12/2013 13:08,C,36.956
06/12/2013 14:08,C,37.205
06/12/2013 15:08,C,36.893
06/12/2013 16:08,C,34.96
06/12/2013 17:08,C,31.278
06/12/2013 18:08,C,22.28
06/12/2013 19:08,C,19.966
06/12/2013 20:08,C,19.966
06/12/2013 21:08,C,19.966
06/12/2013 22:08,C,19.903
06/12/2013 23:08,C,19.778
06-13-13 12:08:01 AM,C,19.528
06-13-13 01:08:01 AM,C,19.34
06-13-13 02:08:01 AM,C,19.215
06-13-13 03:08:01 AM,C,19.528
06-13-13 04:08:01 AM,C,19.215
06-13-13 05:08:01 AM,C,19.716
06-13-13 06:08:01 AM,C,19.778
06-13-13 07:08:01 AM,C,20.466
06-13-13 08:08:01 AM,C,24.781
06-13-13 09:08:01 AM,C,27.406
06-13-13 10:08:01 AM,C,30.841
06-13-13 11:08:01 AM,C,34.897
06-13-13 12:08:01 PM,C,32.651
06-13-13 01:08:01 PM,C,29.28
06-13-13 02:08:01 PM,C,33.712
06-13-13 03:08:01 PM,C,30.529
06-13-13 04:08:01 PM,C,28.468
06-13-13 05:08:01 PM,C,26.531
06-13-13 06:08:01 PM,C,20.967
06-13-13 07:08:01 PM,C,20.779
06-13-13 08:08:01 PM,C,20.529
06-13-13 09:08:01 PM,C,20.154
06-13-13 10:08:01 PM,C,20.028
06-13-13 11:08:01 PM,C,19.528
06-14-13 12:08:01 AM,C,18.965
06-14-13 01:08:01 AM,C,18.652
06-14-13 02:08:01 AM,C,18.401
06-14-13 03:08:01 AM,C,18.088
06-14-13 04:08:01 AM,C,17.776
06-14-13 05:08:01 AM,C,18.088
06-14-13 06:08:01 AM,C,18.401
06-14-13 07:08:01 AM,C,19.653
06-14-13 08:08:01 AM,C,23.656
06-14-13 09:08:01 AM,C,28.218
06-14-13 10:08:01 AM,C,29.155
06-14-13 11:08:01 AM,C,30.529
06-14-13 12:08:01 PM,C,31.403
06-14-13 01:08:01 PM,C,33.525
06-14-13 02:08:01 PM,C,33.15
06-14-13 03:08:01 PM,C,30.341
06-14-13 04:08:01 PM,C,32.277
06-14-13 05:08:01 PM,C,26.844
06-14-13 06:08:01 PM,C,23.531
06-14-13 07:08:01 PM,C,22.968
06-14-13 08:08:01 PM,C,22.155
06-14-13 09:08:01 PM,C,20.279
06-14-13 10:08:01 PM,C,20.091
06-14-13 11:08:01 PM,C,20.028
06-15-13 12:08:01 AM,C,19.841
06-15-13 01:08:01 AM,C,19.841
06-15-13 02:08:01 AM,C,19.403
06-15-13 03:08:01 AM,C,18.777
06-15-13 04:08:01 AM,C,18.84
06-15-13 05:08:01 AM,C,18.527
06-15-13 06:08:01 AM,C,18.527
06-15-13 07:08:01 AM,C,19.716
06-15-13 08:08:01 AM,C,23.531
06-15-13 09:08:01 AM,C,27.843
06-15-13 10:08:01 AM,C,30.466
06-15-13 11:08:01 AM,C,32.089
06-15-13 12:08:01 PM,C,32.152
06-15-13 01:08:01 PM,C,30.716
06-15-13 02:08:01 PM,C,31.091
06-15-13 03:08:01 PM,C,33.712
06-15-13 04:08:01 PM,C,34.086
06-15-13 05:08:01 PM,C,28.093
06-15-13 06:08:01 PM,C,24.781
06-15-13 07:08:01 PM,C,23.531
06-15-13 08:08:01 PM,C,22.593
06-15-13 09:08:01 PM,C,22.468
06-15-13 10:08:01 PM,C,22.656
06-15-13 11:08:01 PM,C,21.78
06-16-13 12:08:01 AM,C,22.03
06-16-13 01:08:01 AM,C,21.655
06-16-13 02:08:01 AM,C,21.217
06-16-13 03:08:01 AM,C,20.466
06-16-13 04:08:01 AM,C,20.404
06-16-13 05:08:01 AM,C,21.217
06-16-13 06:08:01 AM,C,21.342
06-16-13 07:08:01 AM,C,21.28
06-16-13 08:08:01 AM,C,24.281
06-16-13 09:08:01 AM,C,26.094
06-16-13 10:08:01 AM,C,29.155
06-16-13 11:08:01 AM,C,33.4
06-16-13 12:08:01 PM,C,33.15
06-16-13 01:08:01 PM,C,27.968
06-16-13 02:08:01 PM,C,28.53
06-16-13 03:08:01 PM,C,27.093
06-16-13 04:08:01 PM,C,25.406
06-16-13 05:08:01 PM,C,24.406
06-16-13 06:08:01 PM,C,23.343
06-16-13 07:08:01 PM,C,22.28
06-16-13 08:08:01 PM,C,22.155
06-16-13 09:08:01 PM,C,22.093
06-16-13 10:08:01 PM,C,21.843
06-16-13 11:08:01 PM,C,21.717
06-17-13 12:08:01 AM,C,21.655
06-17-13 01:08:01 AM,C,21.467
06-17-13 02:08:01 AM,C,20.529
06-17-13 03:08:01 AM,C,20.466
06-17-13 04:08:01 AM,C,20.717
06-17-13 05:08:01 AM,C,20.591
06-17-13 06:08:01 AM,C,20.779
06-17-13 07:08:01 AM,C,21.029
06-17-13 08:08:01 AM,C,21.717
06-17-13 09:08:01 AM,C,23.406
06-17-13 10:08:01 AM,C,24.219
06-17-13 11:08:01 AM,C,26.969
06-17-13 12:08:01 PM,C,26.656
06-17-13 01:08:01 PM,C,25.969
06-17-13 02:08:01 PM,C,27.593
06-17-13 03:08:01 PM,C,24.219
06-17-13 04:08:01 PM,C,23.281
06-17-13 05:08:01 PM,C,23.343
06-17-13 06:08:01 PM,C,22.343
06-17-13 07:08:01 PM,C,21.968
06-17-13 08:08:01 PM,C,21.78
06-17-13 09:08:01 PM,C,21.592
06-17-13 10:08:01 PM,C,21.405
06-17-13 11:08:01 PM,C,21.28
06-18-13 12:08:01 AM,C,21.029
06-18-13 01:08:01 AM,C,21.342
06-18-13 02:08:01 AM,C,21.342
06-18-13 03:08:01 AM,C,20.967
06-18-13 04:08:01 AM,C,20.466
06-18-13 05:08:01 AM,C,20.091
06-18-13 06:08:01 AM,C,20.967
06-18-13 07:08:01 AM,C,22.03
06-18-13 08:08:01 AM,C,24.344
06-18-13 09:08:01 AM,C,26.281
06-18-13 10:08:01 AM,C,30.154
06-18-13 11:08:01 AM,C,32.776
06-18-13 12:08:01 PM,C,33.525
06-18-13 01:08:01 PM,C,33.275
06-18-13 02:08:01 PM,C,34.149
06-18-13 03:08:01 PM,C,34.398
06-18-13 04:08:01 PM,C,28.655
06-18-13 05:08:01 PM,C,26.344
06-18-13 06:08:01 PM,C,25.031
06-18-13 07:08:01 PM,C,23.906
06-18-13 08:08:01 PM,C,23.343
06-18-13 09:08:01 PM,C,22.593
06-18-13 10:08:01 PM,C,21.655
06-18-13 11:08:01 PM,C,21.655
06-19-13 12:08:01 AM,C,21.405
06-19-13 01:08:01 AM,C,21.592
06-19-13 02:08:01 AM,C,20.529
06-19-13 03:08:01 AM,C,20.216
06-19-13 04:08:01 AM,C,19.841
06-19-13 05:08:01 AM,C,19.841
06-19-13 06:08:01 AM,C,20.654
06-19-13 07:08:01 AM,C,21.78
06-19-13 08:08:01 AM,C,25.719
06-19-13 09:08:01 AM,C,29.967
06-19-13 10:08:01 AM,C,28.28
06-19-13 11:08:01 AM,C,30.654
06-19-13 12:08:01 PM,C,32.776
06-19-13 01:08:01 PM,C,30.279
06-19-13 02:08:01 PM,C,31.465
06-19-13 03:08:01 PM,C,31.528
06-19-13 04:08:01 PM,C,24.344
06-19-13 05:08:01 PM,C,23.468
06-19-13 06:08:01 PM,C,22.718
06-19-13 07:08:01 PM,C,22.656
06-19-13 08:08:01 PM,C,22.28
06-19-13 09:08:01 PM,C,22.093
06-19-13 10:08:01 PM,C,21.905
06-19-13 11:08:01 PM,C,21.342
06-20-13 12:08:01 AM,C,21.28
06-20-13 01:08:01 AM,C,21.092
06-20-13 02:08:01 AM,C,21.217
06-20-13 03:08:01 AM,C,21.405
06-20-13 04:08:01 AM,C,21.405
06-20-13 05:08:01 AM,C,21.467
06-20-13 06:08:01 AM,C,21.655
06-20-13 07:08:01 AM,C,22.53
06-20-13 08:08:01 AM,C,26.031
06-20-13 09:08:01 AM,C,26.156
06-20-13 10:08:01 AM,C,29.904
06-20-13 11:08:01 AM,C,33.15
06-20-13 12:08:01 PM,C,30.654
06-20-13 01:08:01 PM,C,30.529
06-20-13 02:08:01 PM,C,31.652
06-20-13 03:08:01 PM,C,32.214
06-20-13 04:08:01 PM,C,31.091
06-20-13 05:08:01 PM,C,23.281
06-20-13 06:08:01 PM,C,23.468
06-20-13 07:08:01 PM,C,21.843
06-20-13 08:08:01 PM,C,21.717
06-20-13 09:08:01 PM,C,21.78
06-20-13 10:08:01 PM,C,21.655
06-20-13 11:08:01 PM,C,21.53
06-21-13 12:08:01 AM,C,21.405
06-21-13 01:08:01 AM,C,21.405
06-21-13 02:08:01 AM,C,21.28
06-21-13 03:08:01 AM,C,21.029
06-21-13 04:08:01 AM,C,21.217
06-21-13 05:08:01 AM,C,21.217
06-21-13 06:08:01 AM,C,21.78
06-21-13 07:08:01 AM,C,22.843
06-21-13 08:08:01 AM,C,27.906
06-21-13 09:08:01 AM,C,27.906
06-21-13 10:08:01 AM,C,31.091
06-21-13 11:08:01 AM,C,29.654
06-21-13 12:08:01 PM,C,28.405
06-21-13 01:08:01 PM,C,29.904
06-21-13 02:08:01 PM,C,31.153
06-21-13 03:08:01 PM,C,28.843
06-21-13 04:08:01 PM,C,21.843
06-21-13 05:08:01 PM,C,21.467
06-21-13 06:08:01 PM,C,21.405
06-21-13 07:08:01 PM,C,21.28
06-21-13 08:08:01 PM,C,21.342
06-21-13 09:08:01 PM,C,20.904
06-21-13 10:08:01 PM,C,21.28
06-21-13 11:08:01 PM,C,21.28
06-22-13 12:08:01 AM,C,20.967
06-22-13 01:08:01 AM,C,21.029
06-22-13 02:08:01 AM,C,21.092
06-22-13 03:08:01 AM,C,20.967
06-22-13 04:08:01 AM,C,21.029
06-22-13 05:08:01 AM,C,21.029
06-22-13 06:08:01 AM,C,21.217
06-22-13 07:08:01 AM,C,21.78
06-22-13 08:08:01 AM,C,23.281
06-22-13 09:08:01 AM,C,26.344
06-22-13 10:08:01 AM,C,26.781
06-22-13 11:08:01 AM,C,28.093
06-22-13 12:08:01 PM,C,30.966
06-22-13 01:08:01 PM,C,30.341
06-22-13 02:08:01 PM,C,29.904
06-22-13 03:08:01 PM,C,34.149
06-22-13 04:08:01 PM,C,33.275
06-22-13 05:08:01 PM,C,28.218
06-22-13 06:08:01 PM,C,25.406
06-22-13 07:08:01 PM,C,23.844
06-22-13 08:08:01 PM,C,23.343
06-22-13 09:08:01 PM,C,22.968
06-22-13 10:08:01 PM,C,21.968
06-22-13 11:08:01 PM,C,21.655
06-23-13 12:08:01 AM,C,21.655
06-23-13 01:08:01 AM,C,21.405
06-23-13 02:08:01 AM,C,20.967
06-23-13 03:08:01 AM,C,20.654
06-23-13 04:08:01 AM,C,20.216
06-23-13 05:08:01 AM,C,20.154
06-23-13 06:08:01 AM,C,20.842
06-23-13 07:08:01 AM,C,23.031
06-23-13 08:08:01 AM,C,25.219
06-23-13 09:08:01 AM,C,30.279
06-23-13 10:08:01 AM,C,31.84
06-23-13 11:08:01 AM,C,32.776
06-23-13 12:08:01 PM,C,33.837
06-23-13 01:08:01 PM,C,34.71
06-23-13 02:08:01 PM,C,35.396
06-23-13 03:08:01 PM,C,34.96
06-23-13 04:08:01 PM,C,33.774
06-23-13 05:08:01 PM,C,27.718
06-23-13 06:08:01 PM,C,25.469
06-23-13 07:08:01 PM,C,24.094
06-23-13 08:08:01 PM,C,23.531
06-23-13 09:08:01 PM,C,22.343
06-23-13 10:08:01 PM,C,22.03
06-23-13 11:08:01 PM,C,21.53
06-24-13 12:08:01 AM,C,20.717
06-24-13 01:08:01 AM,C,20.028
06-24-13 02:08:01 AM,C,19.528
06-24-13 03:08:01 AM,C,18.777
06-24-13 04:08:01 AM,C,18.777
06-24-13 05:08:01 AM,C,18.777
06-24-13 06:08:01 AM,C,19.09
06-24-13 07:08:01 AM,C,20.341
06-24-13 08:08:01 AM,C,24.719
06-24-13 09:08:01 AM,C,30.466
06-24-13 10:08:01 AM,C,28.905
06-24-13 11:08:01 AM,C,30.092
06-24-13 12:08:01 PM,C,31.278
06-24-13 01:08:01 PM,C,30.092
06-24-13 02:08:01 PM,C,30.404
06-24-13 03:08:01 PM,C,31.84
06-24-13 04:08:01 PM,C,27.906
06-24-13 05:08:01 PM,C,25.906
06-24-13 06:08:01 PM,C,23.844
06-24-13 07:08:01 PM,C,19.027
06-24-13 08:08:01 PM,C,19.778
06-24-13 09:08:01 PM,C,19.966
06-24-13 10:08:01 PM,C,19.903
06-24-13 11:08:01 PM,C,19.841
06-25-13 12:08:01 AM,C,19.903
06-25-13 01:08:01 AM,C,19.403
06-25-13 02:08:01 AM,C,19.841
06-25-13 03:08:01 AM,C,19.528
06-25-13 04:08:01 AM,C,19.653
06-25-13 05:08:01 AM,C,19.528
06-25-13 06:08:01 AM,C,19.653
06-25-13 07:08:01 AM,C,20.466
06-25-13 08:08:01 AM,C,22.093
06-25-13 09:08:01 AM,C,27.718
06-25-13 10:08:01 AM,C,29.28
06-25-13 11:08:01 AM,C,30.654
06-25-13 12:08:01 PM,C,32.214
06-25-13 01:08:01 PM,C,32.214
06-25-13 02:08:01 PM,C,33.899
06-25-13 03:08:01 PM,C,32.464
06-25-13 04:08:01 PM,C,32.776
06-25-13 05:08:01 PM,C,26.219
06-25-13 06:08:01 PM,C,24.719
06-25-13 07:08:01 PM,C,23.343
06-25-13 08:08:01 PM,C,20.404
06-25-13 09:08:01 PM,C,20.216
06-25-13 10:08:01 PM,C,20.154
06-25-13 11:08:01 PM,C,20.091
06-26-13 12:08:01 AM,C,19.966
06-26-13 01:08:01 AM,C,19.966
06-26-13 02:08:01 AM,C,19.903
06-26-13 03:08:01 AM,C,19.716
06-26-13 04:08:01 AM,C,19.59
06-26-13 05:08:01 AM,C,19.09
06-26-13 06:08:01 AM,C,19.09
06-26-13 07:08:01 AM,C,20.529
06-26-13 08:08:01 AM,C,23.969
06-26-13 09:08:01 AM,C,27.531
06-26-13 10:08:01 AM,C,30.591
06-26-13 11:08:01 AM,C,29.779
06-26-13 12:08:01 PM,C,33.275
06-26-13 01:08:01 PM,C,30.591
06-26-13 02:08:01 PM,C,30.341
06-26-13 03:08:01 PM,C,31.652
06-26-13 04:08:01 PM,C,27.468
06-26-13 05:08:01 PM,C,26.656
06-26-13 06:08:01 PM,C,24.344
06-26-13 07:08:01 PM,C,23.093
06-26-13 08:08:01 PM,C,22.405
06-26-13 09:08:01 PM,C,22.718
06-26-13 10:08:01 PM,C,21.655
06-26-13 11:08:01 PM,C,21.092
06-27-13 12:08:01 AM,C,20.717
06-27-13 01:08:01 AM,C,20.842
06-27-13 02:08:01 AM,C,20.779
06-27-13 03:08:01 AM,C,19.903
06-27-13 04:08:01 AM,C,19.653
06-27-13 05:08:01 AM,C,19.34
06-27-13 06:08:01 AM,C,19.278
06-27-13 07:08:01 AM,C,20.466
06-27-13 08:08:01 AM,C,25.156
06-27-13 09:08:01 AM,C,28.78
06-27-13 10:08:01 AM,C,30.841
06-27-13 11:08:01 AM,C,32.401
06-27-13 12:08:01 PM,C,33.338
06-27-13 01:08:01 PM,C,34.835
06-27-13 02:08:01 PM,C,34.336
06-27-13 03:08:01 PM,C,29.03
06-27-13 04:08:01 PM,C,26.406
06-27-13 05:08:01 PM,C,25.656
06-27-13 06:08:01 PM,C,24.719
06-27-13 07:08:01 PM,C,23.781
06-27-13 08:08:01 PM,C,23.531
06-27-13 09:08:01 PM,C,23.468
06-27-13 10:08:01 PM,C,22.843
06-27-13 11:08:01 PM,C,22.468
06-28-13 12:08:01 AM,C,22.468
06-28-13 01:08:01 AM,C,22.03
06-28-13 02:08:01 AM,C,22.155
06-28-13 03:08:01 AM,C,21.592
06-28-13 04:08:01 AM,C,21.342
06-28-13 05:08:01 AM,C,20.842
06-28-13 06:08:01 AM,C,21.092
06-28-13 07:08:01 AM,C,22.093
06-28-13 08:08:01 AM,C,22.53
06-28-13 09:08:01 AM,C,25.656
06-28-13 10:08:01 AM,C,28.093
06-28-13 11:08:01 AM,C,31.652
06-28-13 12:08:01 PM,C,32.401
06-28-13 01:08:01 PM,C,29.155
06-28-13 02:08:01 PM,C,34.398
06-28-13 03:08:01 PM,C,34.024
06-28-13 04:08:01 PM,C,32.027
06-28-13 05:08:01 PM,C,30.092
06-28-13 06:08:01 PM,C,24.656
06-28-13 07:08:01 PM,C,23.156
06-28-13 08:08:01 PM,C,23.593
06-28-13 09:08:01 PM,C,22.343
06-28-13 10:08:01 PM,C,20.341
06-28-13 11:08:01 PM,C,20.028
06-29-13 12:08:01 AM,C,19.841
06-29-13 01:08:01 AM,C,19.903
06-29-13 02:08:01 AM,C,19.778
06-29-13 03:08:01 AM,C,19.778
06-29-13 04:08:01 AM,C,19.778
06-29-13 05:08:01 AM,C,19.778
06-29-13 06:08:01 AM,C,19.778
06-29-13 07:08:01 AM,C,20.779
06-29-13 08:08:01 AM,C,22.155
06-29-13 09:08:01 AM,C,24.531
06-29-13 10:08:01 AM,C,27.093
06-29-13 11:08:01 AM,C,30.841
06-29-13 12:08:01 PM,C,32.027
06-29-13 01:08:01 PM,C,33.4
06-29-13 02:08:01 PM,C,34.835
06-29-13 03:08:01 PM,C,28.343
06-29-13 04:08:01 PM,C,23.343
06-29-13 05:08:01 PM,C,23.093
06-29-13 06:08:01 PM,C,23.031
06-29-13 07:08:01 PM,C,21.843
06-29-13 08:08:01 PM,C,21.592
06-29-13 09:08:01 PM,C,21.592
06-29-13 10:08:01 PM,C,21.029
06-29-13 11:08:01 PM,C,21.092
06-30-13 12:08:01 AM,C,20.779
06-30-13 01:08:01 AM,C,20.779
06-30-13 02:08:01 AM,C,20.779
06-30-13 03:08:01 AM,C,20.466
06-30-13 04:08:01 AM,C,20.341
06-30-13 05:08:01 AM,C,20.341
06-30-13 06:08:01 AM,C,21.029
06-30-13 07:08:01 AM,C,21.467
06-30-13 08:08:01 AM,C,23.343
06-30-13 09:08:01 AM,C,26.781
06-30-13 10:08:01 AM,C,30.778
06-30-13 11:08:01 AM,C,29.717
06-30-13 12:08:01 PM,C,32.401
06-30-13 01:08:01 PM,C,30.903
06-30-13 02:08:01 PM,C,30.466
06-30-13 03:08:01 PM,C,31.215
06-30-13 04:08:01 PM,C,30.341
06-30-13 05:08:01 PM,C,25.719
06-30-13 06:08:01 PM,C,23.468
06-30-13 07:08:01 PM,C,22.343
06-30-13 08:08:01 PM,C,21.467
06-30-13 09:08:01 PM,C,21.029
06-30-13 10:08:01 PM,C,20.904
06-30-13 11:08:01 PM,C,20.466
07/01/2013 00:08,C,20.466
07/01/2013 01:08,C,20.466
07/01/2013 02:08,C,20.341
07/01/2013 03:08,C,20.216
07/01/2013 04:08,C,20.091
07/01/2013 05:08,C,19.903
07/01/2013 06:08,C,19.841
07/01/2013 07:08,C,20.529
07/01/2013 08:08,C,22.843
07/01/2013 09:08,C,24.469
07/01/2013 10:08,C,28.905
07/01/2013 11:08,C,28.156
07/01/2013 12:08,C,29.405
07/01/2013 13:08,C,31.278
07/01/2013 14:08,C,33.462
07/01/2013 15:08,C,26.219
07/01/2013 16:08,C,27.156
07/01/2013 17:08,C,25.594
07/01/2013 18:08,C,22.343
07/01/2013 19:08,C,22.405
07/01/2013 20:08,C,22.155
07/01/2013 21:08,C,21.592
07/01/2013 22:08,C,21.592
07/01/2013 23:08,C,21.592
07/02/2013 00:08,C,21.467
07/02/2013 01:08,C,21.342
07/02/2013 02:08,C,21.154
07/02/2013 03:08,C,21.029
07/02/2013 04:08,C,21.029
07/02/2013 05:08,C,20.654
07/02/2013 06:08,C,20.529
07/02/2013 07:08,C,21.78
07/02/2013 08:08,C,23.468
07/02/2013 09:08,C,24.906
07/02/2013 10:08,C,29.217
07/02/2013 11:08,C,28.843
07/02/2013 12:08,C,30.341
07/02/2013 13:08,C,29.405
07/02/2013 14:08,C,31.964
07/02/2013 15:08,C,33.462
07/02/2013 16:08,C,26.156
07/02/2013 17:08,C,24.344
07/02/2013 18:08,C,23.343
07/02/2013 19:08,C,23.218
07/02/2013 20:08,C,21.843
07/02/2013 21:08,C,21.592
07/02/2013 22:08,C,21.405
07/02/2013 23:08,C,21.405
07/03/2013 00:08,C,20.779
07/03/2013 01:08,C,20.779
07/03/2013 02:08,C,20.967
07/03/2013 03:08,C,20.654
07/03/2013 04:08,C,20.717
07/03/2013 05:08,C,20.091
07/03/2013 06:08,C,20.529
07/03/2013 07:08,C,21.78
07/03/2013 08:08,C,23.281
07/03/2013 09:08,C,26.531
07/03/2013 10:08,C,28.655
07/03/2013 11:08,C,30.716
07/03/2013 12:08,C,30.841
07/03/2013 13:08,C,29.53
07/03/2013 14:08,C,30.404
07/03/2013 15:08,C,30.216
07/03/2013 16:08,C,29.967
07/03/2013 17:08,C,26.906
07/03/2013 18:08,C,25.031
07/03/2013 19:08,C,23.906
07/03/2013 20:08,C,20.654
07/03/2013 21:08,C,20.466
07/03/2013 22:08,C,20.404
07/03/2013 23:08,C,19.903
07/04/2013 00:08,C,19.778
07/04/2013 01:08,C,19.59
07/04/2013 02:08,C,19.716
07/04/2013 03:08,C,19.59
07/04/2013 04:08,C,19.59
07/04/2013 05:08,C,19.465
07/04/2013 06:08,C,19.528
07/04/2013 07:08,C,21.029
07/04/2013 08:08,C,23.468
07/04/2013 09:08,C,26.781
07/04/2013 10:08,C,28.093
07/04/2013 11:08,C,32.152
07/04/2013 12:08,C,33.525
07/04/2013 13:08,C,31.715
07/04/2013 14:08,C,31.964
07/04/2013 15:08,C,32.089
07/04/2013 16:08,C,28.468
07/04/2013 17:08,C,24.406
07/04/2013 18:08,C,21.342
07/04/2013 19:08,C,20.967
07/04/2013 20:08,C,21.154
07/04/2013 21:08,C,21.28
07/04/2013 22:08,C,21.217
07/04/2013 23:08,C,20.967
07/05/2013 00:08,C,20.591
07/05/2013 01:08,C,20.154
07/05/2013 02:08,C,19.903
07/05/2013 03:08,C,19.966
07/05/2013 04:08,C,19.841
07/05/2013 05:08,C,19.59
07/05/2013 06:08,C,20.091
07/05/2013 07:08,C,20.904
07/05/2013 08:08,C,25.344
07/05/2013 09:08,C,29.092
07/05/2013 10:08,C,31.028
07/05/2013 11:08,C,31.715
07/05/2013 12:08,C,33.899
07/05/2013 13:08,C,34.773
07/05/2013 14:08,C,35.895
07/05/2013 15:08,C,35.895
07/05/2013 16:08,C,35.022
07/05/2013 17:08,C,33.15
07/05/2013 18:08,C,25.969
07/05/2013 19:08,C,21.655
07/05/2013 20:08,C,21.592
07/05/2013 21:08,C,21.029
07/05/2013 22:08,C,20.466
07/05/2013 23:08,C,20.654
07/06/2013 00:08,C,20.341
07/06/2013 01:08,C,20.028
07/06/2013 02:08,C,19.59
07/06/2013 03:08,C,19.215
07/06/2013 04:08,C,19.09
07/06/2013 05:08,C,19.027
07/06/2013 06:08,C,19.34
07/06/2013 07:08,C,20.842
07/06/2013 08:08,C,25.406
07/06/2013 09:08,C,27.781
07/06/2013 10:08,C,30.092
07/06/2013 11:08,C,29.342
07/06/2013 12:08,C,27.281
07/06/2013 13:08,C,25.906
07/06/2013 14:08,C,27.968
07/06/2013 15:08,C,30.092
07/06/2013 16:08,C,32.901
07/06/2013 17:08,C,26.906
07/06/2013 18:08,C,25.344
07/06/2013 19:08,C,21.53
07/06/2013 20:08,C,22.405
07/06/2013 21:08,C,23.218
07/06/2013 22:08,C,21.53
07/06/2013 23:08,C,22.155
07/07/2013 00:08,C,21.592
07/07/2013 01:08,C,20.779
07/07/2013 02:08,C,19.528
07/07/2013 03:08,C,18.714
07/07/2013 04:08,C,18.276
07/07/2013 05:08,C,17.713
07/07/2013 06:08,C,17.776
07/07/2013 07:08,C,18.652
07/07/2013 08:08,C,24.531
07/07/2013 09:08,C,29.03
07/07/2013 10:08,C,31.465
07/07/2013 11:08,C,32.838
07/07/2013 12:08,C,33.774
07/07/2013 13:08,C,34.71
07/07/2013 14:08,C,35.396
07/07/2013 15:08,C,35.334
07/07/2013 16:08,C,33.837
07/07/2013 17:08,C,30.841
07/07/2013 18:08,C,24.531
07/07/2013 19:08,C,23.343
07/07/2013 20:08,C,22.906
07/07/2013 21:08,C,22.593
07/07/2013 22:08,C,21.405
07/07/2013 23:08,C,21.342
07/08/2013 00:08,C,20.654
07/08/2013 01:08,C,20.591
07/08/2013 02:08,C,20.967
07/08/2013 03:08,C,21.092
07/08/2013 04:08,C,21.092
07/08/2013 05:08,C,20.904
07/08/2013 06:08,C,20.904
07/08/2013 07:08,C,21.467
07/08/2013 08:08,C,25.406
07/08/2013 09:08,C,30.841
07/08/2013 10:08,C,33.025
07/08/2013 11:08,C,34.086
07/08/2013 12:08,C,32.277
07/08/2013 13:08,C,34.336
07/08/2013 14:08,C,32.089
07/08/2013 15:08,C,29.092
07/08/2013 16:08,C,23.593
07/08/2013 17:08,C,19.278
07/08/2013 18:08,C,20.717
07/08/2013 19:08,C,21.029
07/08/2013 20:08,C,21.467
07/08/2013 21:08,C,21.53
07/08/2013 22:08,C,20.779
07/08/2013 23:08,C,21.154
07/09/2013 00:08,C,21.217
07/09/2013 01:08,C,21.154
07/09/2013 02:08,C,20.967
07/09/2013 03:08,C,21.029
07/09/2013 04:08,C,21.029
07/09/2013 05:08,C,21.092
07/09/2013 06:08,C,20.842
07/09/2013 07:08,C,21.717
07/09/2013 08:08,C,23.093
07/09/2013 09:08,C,26.156
07/09/2013 10:08,C,27.531
07/09/2013 11:08,C,29.779
07/09/2013 12:08,C,28.655
07/09/2013 13:08,C,32.526
07/09/2013 14:08,C,33.15
07/09/2013 15:08,C,31.465
07/09/2013 16:08,C,31.215
07/09/2013 17:08,C,25.781
07/09/2013 18:08,C,24.094
07/09/2013 19:08,C,23.593
07/09/2013 20:08,C,23.218
07/09/2013 21:08,C,20.654
07/09/2013 22:08,C,20.466
07/09/2013 23:08,C,19.841
07/10/2013 00:08,C,20.154
07/10/2013 01:08,C,20.216
07/10/2013 02:08,C,19.653
07/10/2013 03:08,C,19.403
07/10/2013 04:08,C,19.403
07/10/2013 05:08,C,19.34
07/10/2013 06:08,C,19.465
07/10/2013 07:08,C,20.591
07/10/2013 08:08,C,22.593
07/10/2013 09:08,C,24.281
07/10/2013 10:08,C,28.78
07/10/2013 11:08,C,29.842
07/10/2013 12:08,C,28.718
07/10/2013 13:08,C,30.404
07/10/2013 14:08,C,31.84
07/10/2013 15:08,C,32.214
07/10/2013 16:08,C,29.967
07/10/2013 17:08,C,25.781
07/10/2013 18:08,C,23.718
07/10/2013 19:08,C,20.154
07/10/2013 20:08,C,19.653
07/10/2013 21:08,C,20.028
07/10/2013 22:08,C,19.778
07/10/2013 23:08,C,19.653
07/11/2013 00:08,C,19.59
07/11/2013 01:08,C,19.59
07/11/2013 02:08,C,19.716
07/11/2013 03:08,C,19.528
07/11/2013 04:08,C,19.528
07/11/2013 05:08,C,19.653
07/11/2013 06:08,C,19.34
07/11/2013 07:08,C,20.154
07/11/2013 08:08,C,23.969
07/11/2013 09:08,C,27.156
07/11/2013 10:08,C,30.216
07/11/2013 11:08,C,31.153
07/11/2013 12:08,C,32.776
07/11/2013 13:08,C,32.339
07/11/2013 14:08,C,32.526
07/11/2013 15:08,C,30.466
07/11/2013 16:08,C,32.027
07/11/2013 17:08,C,29.53
07/11/2013 18:08,C,24.406
07/11/2013 19:08,C,23.281
07/11/2013 20:08,C,23.093
07/11/2013 21:08,C,23.031
07/11/2013 22:08,C,19.215
07/11/2013 23:08,C,19.966
07/12/2013 00:08,C,20.216
07/12/2013 01:08,C,20.279
07/12/2013 02:08,C,20.028
07/12/2013 03:08,C,19.903
07/12/2013 04:08,C,19.716
07/12/2013 05:08,C,19.653
07/12/2013 06:08,C,19.716
07/12/2013 07:08,C,20.466
07/12/2013 08:08,C,21.53
07/12/2013 09:08,C,22.718
07/12/2013 10:08,C,25.219
07/12/2013 11:08,C,27.031
07/12/2013 12:08,C,28.655
07/12/2013 13:08,C,29.28
07/12/2013 14:08,C,31.153
07/12/2013 15:08,C,30.216
07/12/2013 16:08,C,31.715
07/12/2013 17:08,C,25.656
07/12/2013 18:08,C,24.406
07/12/2013 19:08,C,23.781
07/12/2013 20:08,C,21.968
07/12/2013 21:08,C,21.53
07/12/2013 22:08,C,20.904
07/12/2013 23:08,C,20.404
07-13-13 12:08:01 AM,C,20.529
07-13-13 01:08:01 AM,C,20.279
07-13-13 02:08:01 AM,C,20.466
07-13-13 03:08:01 AM,C,20.341
07-13-13 04:08:01 AM,C,20.341
07-13-13 05:08:01 AM,C,20.279
07-13-13 06:08:01 AM,C,20.341
07-13-13 07:08:01 AM,C,21.029
07-13-13 08:08:01 AM,C,22.218
07-13-13 09:08:01 AM,C,25.656
07-13-13 10:08:01 AM,C,26.219
07-13-13 11:08:01 AM,C,27.593
07-13-13 12:08:01 PM,C,26.844
07-13-13 01:08:01 PM,C,27.406
07-13-13 02:08:01 PM,C,28.218
07-13-13 03:08:01 PM,C,24.656
07-13-13 04:08:01 PM,C,23.844
07-13-13 05:08:01 PM,C,24.031
07-13-13 06:08:01 PM,C,22.656
07-13-13 07:08:01 PM,C,21.78
07-13-13 08:08:01 PM,C,21.968
07-13-13 09:08:01 PM,C,22.03
07-13-13 10:08:01 PM,C,21.467
07-13-13 11:08:01 PM,C,21.092
07-14-13 12:08:01 AM,C,21.092
07-14-13 01:08:01 AM,C,21.092
07-14-13 02:08:01 AM,C,20.779
07-14-13 03:08:01 AM,C,20.404
07-14-13 04:08:01 AM,C,20.279
07-14-13 05:08:01 AM,C,20.654
07-14-13 06:08:01 AM,C,20.967
07-14-13 07:08:01 AM,C,21.905
07-14-13 08:08:01 AM,C,23.281
07-14-13 09:08:01 AM,C,27.843
07-14-13 10:08:01 AM,C,31.215
07-14-13 11:08:01 AM,C,32.901
07-14-13 12:08:01 PM,C,31.091
07-14-13 01:08:01 PM,C,33.837
07-14-13 02:08:01 PM,C,31.902
07-14-13 03:08:01 PM,C,31.652
07-14-13 04:08:01 PM,C,29.405
07-14-13 05:08:01 PM,C,26.219
07-14-13 06:08:01 PM,C,24.219
07-14-13 07:08:01 PM,C,23.656
07-14-13 08:08:01 PM,C,23.218
07-14-13 09:08:01 PM,C,22.968
07-14-13 10:08:01 PM,C,22.343
07-14-13 11:08:01 PM,C,22.155
07-15-13 12:08:01 AM,C,21.592
07-15-13 01:08:01 AM,C,22.093
07-15-13 02:08:01 AM,C,21.154
07-15-13 03:08:01 AM,C,20.529
07-15-13 04:08:01 AM,C,21.28
07-15-13 05:08:01 AM,C,20.654
07-15-13 06:08:01 AM,C,20.529
07-15-13 07:08:01 AM,C,20.967
07-15-13 08:08:01 AM,C,25.281
07-15-13 09:08:01 AM,C,30.029
07-15-13 10:08:01 AM,C,31.153
07-15-13 11:08:01 AM,C,31.278
07-15-13 12:08:01 PM,C,32.277
07-15-13 01:08:01 PM,C,31.528
07-15-13 02:08:01 PM,C,31.465
07-15-13 03:08:01 PM,C,31.84
07-15-13 04:08:01 PM,C,33.338
07-15-13 05:08:01 PM,C,30.529
07-15-13 06:08:01 PM,C,24.719
07-15-13 07:08:01 PM,C,23.406
07-15-13 08:08:01 PM,C,22.781
07-15-13 09:08:01 PM,C,22.53
07-15-13 10:08:01 PM,C,21.28
07-15-13 11:08:01 PM,C,21.154
07-16-13 12:08:01 AM,C,21.78
07-16-13 01:08:01 AM,C,21.78
07-16-13 02:08:01 AM,C,21.717
07-16-13 03:08:01 AM,C,21.467
07-16-13 04:08:01 AM,C,21.28
07-16-13 05:08:01 AM,C,21.029
07-16-13 06:08:01 AM,C,21.405
07-16-13 07:08:01 AM,C,21.905
07-16-13 08:08:01 AM,C,24.281
07-16-13 09:08:01 AM,C,27.281
07-16-13 10:08:01 AM,C,29.842
07-16-13 11:08:01 AM,C,31.528
07-16-13 12:08:01 PM,C,33.213
07-16-13 01:08:01 PM,C,34.835
07-16-13 02:08:01 PM,C,35.209
07-16-13 03:08:01 PM,C,30.466
07-16-13 04:08:01 PM,C,25.469
07-16-13 05:08:01 PM,C,24.344
07-16-13 06:08:01 PM,C,24.031
07-16-13 07:08:01 PM,C,23.468
07-16-13 08:08:01 PM,C,23.406
07-16-13 09:08:01 PM,C,22.906
07-16-13 10:08:01 PM,C,21.968
07-16-13 11:08:01 PM,C,22.155
07-17-13 12:08:01 AM,C,21.655
07-17-13 01:08:01 AM,C,21.405
07-17-13 02:08:01 AM,C,20.904
07-17-13 03:08:01 AM,C,21.717
07-17-13 04:08:01 AM,C,21.342
07-17-13 05:08:01 AM,C,21.342
07-17-13 06:08:01 AM,C,21.78
07-17-13 07:08:01 AM,C,22.343
07-17-13 08:08:01 AM,C,23.906
07-17-13 09:08:01 AM,C,25.719
07-17-13 10:08:01 AM,C,30.716
07-17-13 11:08:01 AM,C,32.526
07-17-13 12:08:01 PM,C,34.398
07-17-13 01:08:01 PM,C,35.334
07-17-13 02:08:01 PM,C,35.895
07-17-13 03:08:01 PM,C,32.152
07-17-13 04:08:01 PM,C,33.525
07-17-13 05:08:01 PM,C,29.03
07-17-13 06:08:01 PM,C,25.219
07-17-13 07:08:01 PM,C,24.094
07-17-13 08:08:01 PM,C,19.903
07-17-13 09:08:01 PM,C,19.841
07-17-13 10:08:01 PM,C,19.841
07-17-13 11:08:01 PM,C,19.59
07-18-13 12:08:01 AM,C,19.465
07-18-13 01:08:01 AM,C,19.215
07-18-13 02:08:01 AM,C,19.278
07-18-13 03:08:01 AM,C,19.528
07-18-13 04:08:01 AM,C,19.34
07-18-13 05:08:01 AM,C,19.152
07-18-13 06:08:01 AM,C,18.84
07-18-13 07:08:01 AM,C,19.716
07-18-13 08:08:01 AM,C,23.844
07-18-13 09:08:01 AM,C,29.03
07-18-13 10:08:01 AM,C,28.905
07-18-13 11:08:01 AM,C,29.967
07-18-13 12:08:01 PM,C,29.03
07-18-13 01:08:01 PM,C,31.902
07-18-13 02:08:01 PM,C,30.341
07-18-13 03:08:01 PM,C,30.529
07-18-13 04:08:01 PM,C,30.591
07-18-13 05:08:01 PM,C,25.469
07-18-13 06:08:01 PM,C,22.593
07-18-13 07:08:01 PM,C,20.341
07-18-13 08:08:01 PM,C,20.091
07-18-13 09:08:01 PM,C,20.341
07-18-13 10:08:01 PM,C,20.404
07-18-13 11:08:01 PM,C,20.904
07-19-13 12:08:01 AM,C,20.529
07-19-13 01:08:01 AM,C,20.154
07-19-13 02:08:01 AM,C,20.341
07-19-13 03:08:01 AM,C,20.341
07-19-13 04:08:01 AM,C,20.466
07-19-13 05:08:01 AM,C,20.216
07-19-13 06:08:01 AM,C,20.404
07-19-13 07:08:01 AM,C,21.154
07-19-13 08:08:01 AM,C,22.53
07-19-13 09:08:01 AM,C,26.781
07-19-13 10:08:01 AM,C,28.718
07-19-13 11:08:01 AM,C,31.652
07-19-13 12:08:01 PM,C,33.025
07-19-13 01:08:01 PM,C,30.279
07-19-13 02:08:01 PM,C,30.529
07-19-13 03:08:01 PM,C,35.022
07-19-13 04:08:01 PM,C,32.027
07-19-13 05:08:01 PM,C,30.778
07-19-13 06:08:01 PM,C,24.344
07-19-13 07:08:01 PM,C,23.156
07-19-13 08:08:01 PM,C,22.781
07-19-13 09:08:01 PM,C,22.53
07-19-13 10:08:01 PM,C,22.218
07-19-13 11:08:01 PM,C,21.405
07-20-13 12:08:01 AM,C,21.029
07-20-13 01:08:01 AM,C,20.717
07-20-13 02:08:01 AM,C,21.154
07-20-13 03:08:01 AM,C,20.654
07-20-13 04:08:01 AM,C,21.217
07-20-13 05:08:01 AM,C,20.967
07-20-13 06:08:01 AM,C,21.405
07-20-13 07:08:01 AM,C,22.218
07-20-13 08:08:01 AM,C,23.781
07-20-13 09:08:01 AM,C,25.719
07-20-13 10:08:01 AM,C,27.218
07-20-13 11:08:01 AM,C,27.843
07-20-13 12:08:01 PM,C,30.154
07-20-13 01:08:01 PM,C,29.467
07-20-13 02:08:01 PM,C,34.773
07-20-13 03:08:01 PM,C,35.147
07-20-13 04:08:01 PM,C,28.093
07-20-13 05:08:01 PM,C,26.719
07-20-13 06:08:01 PM,C,24.969
07-20-13 07:08:01 PM,C,21.592
07-20-13 08:08:01 PM,C,22.218
07-20-13 09:08:01 PM,C,22.28
07-20-13 10:08:01 PM,C,21.968
07-20-13 11:08:01 PM,C,21.154
07-21-13 12:08:01 AM,C,20.591
07-21-13 01:08:01 AM,C,21.092
07-21-13 02:08:01 AM,C,20.842
07-21-13 03:08:01 AM,C,20.341
07-21-13 04:08:01 AM,C,20.279
07-21-13 05:08:01 AM,C,19.966
07-21-13 06:08:01 AM,C,21.342
07-21-13 07:08:01 AM,C,22.718
07-21-13 08:08:01 AM,C,24.469
07-21-13 09:08:01 AM,C,27.031
07-21-13 10:08:01 AM,C,31.84
07-21-13 11:08:01 AM,C,28.405
07-21-13 12:08:01 PM,C,32.776
07-21-13 01:08:01 PM,C,35.521
07-21-13 02:08:01 PM,C,35.646
07-21-13 03:08:01 PM,C,34.96
07-21-13 04:08:01 PM,C,33.462
07-21-13 05:08:01 PM,C,31.215
07-21-13 06:08:01 PM,C,25.281
07-21-13 07:08:01 PM,C,23.906
07-21-13 08:08:01 PM,C,23.906
07-21-13 09:08:01 PM,C,23.281
07-21-13 10:08:01 PM,C,22.093
07-21-13 11:08:01 PM,C,21.217
07-22-13 12:08:01 AM,C,20.466
07-22-13 01:08:01 AM,C,19.841
07-22-13 02:08:01 AM,C,19.215
07-22-13 03:08:01 AM,C,18.714
07-22-13 04:08:01 AM,C,19.716
07-22-13 05:08:01 AM,C,19.027
07-22-13 06:08:01 AM,C,19.09
07-22-13 07:08:01 AM,C,20.967
07-22-13 08:08:01 AM,C,25.719
07-22-13 09:08:01 AM,C,29.342
07-22-13 10:08:01 AM,C,32.277
07-22-13 11:08:01 AM,C,32.713
07-22-13 12:08:01 PM,C,30.341
07-22-13 01:08:01 PM,C,32.464
07-22-13 02:08:01 PM,C,32.214
07-22-13 03:08:01 PM,C,34.398
07-22-13 04:08:01 PM,C,32.838
07-22-13 05:08:01 PM,C,26.656
07-22-13 06:08:01 PM,C,24.719
07-22-13 07:08:01 PM,C,23.468
07-22-13 08:08:01 PM,C,23.281
07-22-13 09:08:01 PM,C,22.906
07-22-13 10:08:01 PM,C,22.843
07-22-13 11:08:01 PM,C,22.53
07-23-13 12:08:01 AM,C,22.28
07-23-13 01:08:01 AM,C,21.28
07-23-13 02:08:01 AM,C,21.154
07-23-13 03:08:01 AM,C,20.404
07-23-13 04:08:01 AM,C,20.717
07-23-13 05:08:01 AM,C,20.216
07-23-13 06:08:01 AM,C,20.591
07-23-13 07:08:01 AM,C,22.28
07-23-13 08:08:01 AM,C,23.844
07-23-13 09:08:01 AM,C,29.467
07-23-13 10:08:01 AM,C,30.778
07-23-13 11:08:01 AM,C,28.156
07-23-13 12:08:01 PM,C,27.156
07-23-13 01:08:01 PM,C,29.342
07-23-13 02:08:01 PM,C,29.967
07-23-13 03:08:01 PM,C,33.025
07-23-13 04:08:01 PM,C,29.904
07-23-13 05:08:01 PM,C,26.844
07-23-13 06:08:01 PM,C,21.28
07-23-13 07:08:01 PM,C,20.466
07-23-13 08:08:01 PM,C,19.903
07-23-13 09:08:01 PM,C,19.465
07-23-13 10:08:01 PM,C,19.653
07-23-13 11:08:01 PM,C,19.215
07-24-13 12:08:01 AM,C,18.902
07-24-13 01:08:01 AM,C,19.09
07-24-13 02:08:01 AM,C,19.465
07-24-13 03:08:01 AM,C,19.465
07-24-13 04:08:01 AM,C,19.465
07-24-13 05:08:01 AM,C,19.403
07-24-13 06:08:01 AM,C,19.528
07-24-13 07:08:01 AM,C,20.779
07-24-13 08:08:01 AM,C,22.843
07-24-13 09:08:01 AM,C,29.405
07-24-13 10:08:01 AM,C,28.968
07-24-13 11:08:01 AM,C,28.218
07-24-13 12:08:01 PM,C,31.403
07-24-13 01:08:01 PM,C,34.211
07-24-13 02:08:01 PM,C,32.776
07-24-13 03:08:01 PM,C,31.715
07-24-13 04:08:01 PM,C,28.718
07-24-13 05:08:01 PM,C,28.78
07-24-13 06:08:01 PM,C,24.531
07-24-13 07:08:01 PM,C,23.156
07-24-13 08:08:01 PM,C,22.593
07-24-13 09:08:01 PM,C,22.468
07-24-13 10:08:01 PM,C,22.093
07-24-13 11:08:01 PM,C,22.093
07-25-13 12:08:01 AM,C,21.78
07-25-13 01:08:01 AM,C,21.405
07-25-13 02:08:01 AM,C,21.28
07-25-13 03:08:01 AM,C,21.217
07-25-13 04:08:01 AM,C,21.029
07-25-13 05:08:01 AM,C,20.466
07-25-13 06:08:01 AM,C,19.966
07-25-13 07:08:01 AM,C,21.655
07-25-13 08:08:01 AM,C,23.343
07-25-13 09:08:01 AM,C,27.218
07-25-13 10:08:01 AM,C,29.779
07-25-13 11:08:01 AM,C,31.84
07-25-13 12:08:01 PM,C,32.651
07-25-13 01:08:01 PM,C,34.523
07-25-13 02:08:01 PM,C,33.961
07-25-13 03:08:01 PM,C,30.591
07-25-13 04:08:01 PM,C,31.652
07-25-13 05:08:01 PM,C,27.468
07-25-13 06:08:01 PM,C,24.344
07-25-13 07:08:01 PM,C,23.781
07-25-13 08:08:01 PM,C,23.218
07-25-13 09:08:01 PM,C,22.093
07-25-13 10:08:01 PM,C,21.968
07-25-13 11:08:01 PM,C,22.155
07-26-13 12:08:01 AM,C,21.53
07-26-13 01:08:01 AM,C,21.092
07-26-13 02:08:01 AM,C,20.842
07-26-13 03:08:01 AM,C,21.029
07-26-13 04:08:01 AM,C,20.967
07-26-13 05:08:01 AM,C,20.529
07-26-13 06:08:01 AM,C,20.404
07-26-13 07:08:01 AM,C,21.467
07-26-13 08:08:01 AM,C,24.156
07-26-13 09:08:01 AM,C,28.093
07-26-13 10:08:01 AM,C,30.529
07-26-13 11:08:01 AM,C,32.152
07-26-13 12:08:01 PM,C,32.838
07-26-13 01:08:01 PM,C,31.84
07-26-13 02:08:01 PM,C,33.774
07-26-13 03:08:01 PM,C,34.273
07-26-13 04:08:01 PM,C,32.214
07-26-13 05:08:01 PM,C,27.968
07-26-13 06:08:01 PM,C,24.531
07-26-13 07:08:01 PM,C,23.906
07-26-13 08:08:01 PM,C,22.781
07-26-13 09:08:01 PM,C,22.03
07-26-13 10:08:01 PM,C,21.968
07-26-13 11:08:01 PM,C,21.592
07-27-13 12:08:01 AM,C,20.779
07-27-13 01:08:01 AM,C,20.466
07-27-13 02:08:01 AM,C,21.217
07-27-13 03:08:01 AM,C,21.029
07-27-13 04:08:01 AM,C,20.967
07-27-13 05:08:01 AM,C,20.279
07-27-13 06:08:01 AM,C,20.216
07-27-13 07:08:01 AM,C,20.717
07-27-13 08:08:01 AM,C,23.969
07-27-13 09:08:01 AM,C,27.968
07-27-13 10:08:01 AM,C,30.279
07-27-13 11:08:01 AM,C,32.214
07-27-13 12:08:01 PM,C,32.776
07-27-13 01:08:01 PM,C,33.837
07-27-13 02:08:01 PM,C,34.897
07-27-13 03:08:01 PM,C,34.336
07-27-13 04:08:01 PM,C,32.776
07-27-13 05:08:01 PM,C,29.342
07-27-13 06:08:01 PM,C,24.531
07-27-13 07:08:01 PM,C,23.343
07-27-13 08:08:01 PM,C,23.156
07-27-13 09:08:01 PM,C,22.405
07-27-13 10:08:01 PM,C,21.342
07-27-13 11:08:01 PM,C,21.467
07-28-13 12:08:01 AM,C,21.342
07-28-13 01:08:01 AM,C,21.28
07-28-13 02:08:01 AM,C,21.405
07-28-13 03:08:01 AM,C,21.405
07-28-13 04:08:01 AM,C,21.28
07-28-13 05:08:01 AM,C,21.405
07-28-13 06:08:01 AM,C,21.405
07-28-13 07:08:01 AM,C,21.843
07-28-13 08:08:01 AM,C,24.219
07-28-13 09:08:01 AM,C,28.843
07-28-13 10:08:01 AM,C,30.716
07-28-13 11:08:01 AM,C,32.214
07-28-13 12:08:01 PM,C,33.025
07-28-13 01:08:01 PM,C,33.899
07-28-13 02:08:01 PM,C,34.211
07-28-13 03:08:01 PM,C,34.773
07-28-13 04:08:01 PM,C,33.65
07-28-13 05:08:01 PM,C,29.842
07-28-13 06:08:01 PM,C,24.219
07-28-13 07:08:01 PM,C,23.343
07-28-13 08:08:01 PM,C,23.343
07-28-13 09:08:01 PM,C,22.593
07-28-13 10:08:01 PM,C,21.968
07-28-13 11:08:01 PM,C,21.843
07-29-13 12:08:01 AM,C,21.717
07-29-13 01:08:01 AM,C,21.154
07-29-13 02:08:01 AM,C,21.029
07-29-13 03:08:01 AM,C,21.217
07-29-13 04:08:01 AM,C,21.154
07-29-13 05:08:01 AM,C,21.405
07-29-13 06:08:01 AM,C,21.28
07-29-13 07:08:01 AM,C,21.53
07-29-13 08:08:01 AM,C,23.718
07-29-13 09:08:01 AM,C,28.218
07-29-13 10:08:01 AM,C,30.654
07-29-13 11:08:01 AM,C,31.902
07-29-13 12:08:01 PM,C,30.404
07-29-13 01:08:01 PM,C,33.899
07-29-13 02:08:01 PM,C,28.718
07-29-13 03:08:01 PM,C,19.528
07-29-13 04:08:01 PM,C,20.091
07-29-13 05:08:01 PM,C,21.28
07-29-13 06:08:01 PM,C,20.779
07-29-13 07:08:01 PM,C,19.716
07-29-13 08:08:01 PM,C,19.465
07-29-13 09:08:01 PM,C,19.278
07-29-13 10:08:01 PM,C,19.152
07-29-13 11:08:01 PM,C,19.027
07-30-13 12:08:01 AM,C,19.027
07-30-13 01:08:01 AM,C,19.09
07-30-13 02:08:01 AM,C,19.465
07-30-13 03:08:01 AM,C,19.215
07-30-13 04:08:01 AM,C,18.902
07-30-13 05:08:01 AM,C,18.401
07-30-13 06:08:01 AM,C,18.84
07-30-13 07:08:01 AM,C,19.653
07-30-13 08:08:01 AM,C,22.468
07-30-13 09:08:01 AM,C,27.968
07-30-13 10:08:01 AM,C,30.216
07-30-13 11:08:01 AM,C,28.405
07-30-13 12:08:01 PM,C,30.903
07-30-13 01:08:01 PM,C,32.089
07-30-13 02:08:01 PM,C,32.963
07-30-13 03:08:01 PM,C,31.902
07-30-13 04:08:01 PM,C,30.154
07-30-13 05:08:01 PM,C,27.281
07-30-13 06:08:01 PM,C,23.656
07-30-13 07:08:01 PM,C,20.341
07-30-13 08:08:01 PM,C,20.341
07-30-13 09:08:01 PM,C,20.091
07-30-13 10:08:01 PM,C,20.091
07-30-13 11:08:01 PM,C,20.216
07-31-13 12:08:01 AM,C,20.279
07-31-13 01:08:01 AM,C,20.466
07-31-13 02:08:01 AM,C,20.341
07-31-13 03:08:01 AM,C,20.216
07-31-13 04:08:01 AM,C,20.341
07-31-13 05:08:01 AM,C,20.529
07-31-13 06:08:01 AM,C,20.717
07-31-13 07:08:01 AM,C,21.968
07-31-13 08:08:01 AM,C,24.406
07-31-13 09:08:01 AM,C,29.155
07-31-13 10:08:01 AM,C,30.903
07-31-13 11:08:01 AM,C,31.902
07-31-13 12:08:01 PM,C,32.027
07-31-13 01:08:01 PM,C,33.088
07-31-13 02:08:01 PM,C,33.338
07-31-13 03:08:01 PM,C,33.961
07-31-13 04:08:01 PM,C,33.025
07-31-13 05:08:01 PM,C,29.904
07-31-13 06:08:01 PM,C,24.281
07-31-13 07:08:01 PM,C,22.468
07-31-13 08:08:01 PM,C,22.155
07-31-13 09:08:01 PM,C,20.529
07-31-13 10:08:01 PM,C,19.465
07-31-13 11:08:01 PM,C,19.653
08/01/2013 00:08,C,19.841
08/01/2013 01:08,C,19.778
08/01/2013 02:08,C,19.841
08/01/2013 03:08,C,20.091
08/01/2013 04:08,C,19.841
08/01/2013 05:08,C,18.965
08/01/2013 06:08,C,19.653
08/01/2013 07:08,C,20.154
08/01/2013 08:08,C,21.968
08/01/2013 09:08,C,28.468
08/01/2013 10:08,C,30.966
08/01/2013 11:08,C,31.403
08/01/2013 12:08,C,32.589
08/01/2013 13:08,C,33.275
08/01/2013 14:08,C,34.273
08/01/2013 15:08,C,34.211
08/01/2013 16:08,C,32.901
08/01/2013 17:08,C,30.404
08/01/2013 18:08,C,24.156
08/01/2013 19:08,C,22.968
08/01/2013 20:08,C,22.218
08/01/2013 21:08,C,21.655
08/01/2013 22:08,C,21.905
08/01/2013 23:08,C,21.905
08/02/2013 00:08,C,21.154
08/02/2013 01:08,C,20.529
08/02/2013 02:08,C,19.966
08/02/2013 03:08,C,19.528
08/02/2013 04:08,C,19.027
08/02/2013 05:08,C,18.777
08/02/2013 06:08,C,18.965
08/02/2013 07:08,C,20.404
08/02/2013 08:08,C,23.406
08/02/2013 09:08,C,26.781
08/02/2013 10:08,C,31.278
08/02/2013 11:08,C,32.277
08/02/2013 12:08,C,33.774
08/02/2013 13:08,C,34.149
08/02/2013 14:08,C,35.209
08/02/2013 15:08,C,34.585
08/02/2013 16:08,C,34.398
08/02/2013 17:08,C,30.154
08/02/2013 18:08,C,24.906
08/02/2013 19:08,C,23.718
08/02/2013 20:08,C,23.218
08/02/2013 21:08,C,22.28
08/02/2013 22:08,C,22.468
08/02/2013 23:08,C,22.656
08/03/2013 00:08,C,21.405
08/03/2013 01:08,C,20.654
08/03/2013 02:08,C,19.903
08/03/2013 03:08,C,19.215
08/03/2013 04:08,C,18.714
08/03/2013 05:08,C,18.902
08/03/2013 06:08,C,18.777
08/03/2013 07:08,C,20.091
08/03/2013 08:08,C,21.905
08/03/2013 09:08,C,24.656
08/03/2013 10:08,C,29.217
08/03/2013 11:08,C,26.281
08/03/2013 12:08,C,26.719
08/03/2013 13:08,C,26.406
08/03/2013 14:08,C,27.718
08/03/2013 15:08,C,29.654
08/03/2013 16:08,C,30.841
08/03/2013 17:08,C,25.906
08/03/2013 18:08,C,24.219
08/03/2013 19:08,C,23.281
08/03/2013 20:08,C,22.968
08/03/2013 21:08,C,23.093
08/03/2013 22:08,C,22.343
08/03/2013 23:08,C,22.218
08/04/2013 00:08,C,22.03
08/04/2013 01:08,C,21.717
08/04/2013 02:08,C,21.655
08/04/2013 03:08,C,21.717
08/04/2013 04:08,C,21.717
08/04/2013 05:08,C,20.967
08/04/2013 06:08,C,20.967
08/04/2013 07:08,C,21.905
08/04/2013 08:08,C,25.281
08/04/2013 09:08,C,26.156
08/04/2013 10:08,C,27.843
08/04/2013 11:08,C,29.53
08/04/2013 12:08,C,32.776
08/04/2013 13:08,C,32.776
08/04/2013 14:08,C,32.089
08/04/2013 15:08,C,35.147
08/04/2013 16:08,C,33.462
08/04/2013 17:08,C,25.344
08/04/2013 18:08,C,19.716
08/04/2013 19:08,C,19.403
08/04/2013 20:08,C,19.528
08/04/2013 21:08,C,19.34
08/04/2013 22:08,C,19.528
08/04/2013 23:08,C,19.716
08/05/2013 00:08,C,19.278
08/05/2013 01:08,C,19.403
08/05/2013 02:08,C,19.653
08/05/2013 03:08,C,19.778
08/05/2013 04:08,C,19.403
08/05/2013 05:08,C,19.215
08/05/2013 06:08,C,19.215
08/05/2013 07:08,C,20.091
08/05/2013 08:08,C,21.717
08/05/2013 09:08,C,24.656
08/05/2013 10:08,C,28.905
08/05/2013 11:08,C,31.091
08/05/2013 12:08,C,33.213
08/05/2013 13:08,C,34.585
08/05/2013 14:08,C,34.71
08/05/2013 15:08,C,33.025
08/05/2013 16:08,C,30.092
08/05/2013 17:08,C,30.466
08/05/2013 18:08,C,24.781
08/05/2013 19:08,C,23.656
08/05/2013 20:08,C,23.156
08/05/2013 21:08,C,23.156
08/05/2013 22:08,C,21.905
08/05/2013 23:08,C,21.53
08/06/2013 00:08,C,21.467
08/06/2013 01:08,C,21.53
08/06/2013 02:08,C,21.905
08/06/2013 03:08,C,21.78
08/06/2013 04:08,C,21.655
08/06/2013 05:08,C,21.28
08/06/2013 06:08,C,21.029
08/06/2013 07:08,C,22.405
08/06/2013 08:08,C,24.406
08/06/2013 09:08,C,29.405
08/06/2013 10:08,C,31.59
08/06/2013 11:08,C,33.275
08/06/2013 12:08,C,33.961
08/06/2013 13:08,C,34.648
08/06/2013 14:08,C,34.96
08/06/2013 15:08,C,35.022
08/06/2013 16:08,C,33.338
08/06/2013 17:08,C,29.592
08/06/2013 18:08,C,24.844
08/06/2013 19:08,C,23.844
08/06/2013 20:08,C,23.844
08/06/2013 21:08,C,18.965
08/06/2013 22:08,C,19.152
08/06/2013 23:08,C,18.401
08/07/2013 00:08,C,17.838
08/07/2013 01:08,C,17.713
08/07/2013 02:08,C,18.151
08/07/2013 03:08,C,18.214
08/07/2013 04:08,C,18.84
08/07/2013 05:08,C,19.152
08/07/2013 06:08,C,19.59
08/07/2013 07:08,C,20.904
08/07/2013 08:08,C,22.968
08/07/2013 09:08,C,28.718
08/07/2013 10:08,C,31.652
08/07/2013 11:08,C,32.464
08/07/2013 12:08,C,32.963
08/07/2013 13:08,C,33.462
08/07/2013 14:08,C,34.523
08/07/2013 15:08,C,34.71
08/07/2013 16:08,C,33.4
08/07/2013 17:08,C,30.216
08/07/2013 18:08,C,25.156
08/07/2013 19:08,C,23.906
08/07/2013 20:08,C,24.031
08/07/2013 21:08,C,23.218
08/07/2013 22:08,C,22.843
08/07/2013 23:08,C,22.718
08/08/2013 00:08,C,22.405
08/08/2013 01:08,C,20.904
08/08/2013 02:08,C,20.091
08/08/2013 03:08,C,19.903
08/08/2013 04:08,C,20.028
08/08/2013 05:08,C,19.966
08/08/2013 06:08,C,20.654
08/08/2013 07:08,C,21.843
08/08/2013 08:08,C,23.781
08/08/2013 09:08,C,29.092
08/08/2013 10:08,C,31.84
08/08/2013 11:08,C,32.401
08/08/2013 12:08,C,32.963
08/08/2013 13:08,C,34.149
08/08/2013 14:08,C,34.523
08/08/2013 15:08,C,34.648
08/08/2013 16:08,C,33.462
08/08/2013 17:08,C,29.592
08/08/2013 18:08,C,25.031
08/08/2013 19:08,C,23.969
08/08/2013 20:08,C,23.343
08/08/2013 21:08,C,22.781
08/08/2013 22:08,C,21.905
08/08/2013 23:08,C,21.092
08/09/2013 00:08,C,20.904
08/09/2013 01:08,C,20.404
08/09/2013 02:08,C,19.903
08/09/2013 03:08,C,19.778
08/09/2013 04:08,C,19.528
08/09/2013 05:08,C,19.403
08/09/2013 06:08,C,19.465
08/09/2013 07:08,C,20.842
08/09/2013 08:08,C,23.718
08/09/2013 09:08,C,28.53
08/09/2013 10:08,C,29.779
08/09/2013 11:08,C,33.025
08/09/2013 12:08,C,34.835
08/09/2013 13:08,C,34.398
08/09/2013 14:08,C,32.152
08/09/2013 15:08,C,35.147
08/09/2013 16:08,C,30.341
08/09/2013 17:08,C,29.842
08/09/2013 18:08,C,26.094
08/09/2013 19:08,C,20.529
08/09/2013 20:08,C,20.529
08/09/2013 21:08,C,20.779
08/09/2013 22:08,C,20.654
08/09/2013 23:08,C,20.341
08/10/2013 00:08,C,19.966
08/10/2013 01:08,C,19.528
08/10/2013 02:08,C,19.027
08/10/2013 03:08,C,18.84
08/10/2013 04:08,C,18.527
08/10/2013 05:08,C,18.339
08/10/2013 06:08,C,18.652
08/10/2013 07:08,C,19.903
08/10/2013 08:08,C,22.093
08/10/2013 09:08,C,27.718
08/10/2013 10:08,C,31.34
08/10/2013 11:08,C,32.214
08/10/2013 12:08,C,33.275
08/10/2013 13:08,C,33.961
08/10/2013 14:08,C,30.716
08/10/2013 15:08,C,35.521
08/10/2013 16:08,C,33.525
08/10/2013 17:08,C,30.154
08/10/2013 18:08,C,24.719
08/10/2013 19:08,C,23.656
08/10/2013 20:08,C,22.968
08/10/2013 21:08,C,23.156
08/10/2013 22:08,C,22.53
08/10/2013 23:08,C,22.468
08/11/2013 00:08,C,22.03
08/11/2013 01:08,C,22.405
08/11/2013 02:08,C,21.905
08/11/2013 03:08,C,21.968
08/11/2013 04:08,C,21.53
08/11/2013 05:08,C,21.968
08/11/2013 06:08,C,21.342
08/11/2013 07:08,C,21.843
08/11/2013 08:08,C,22.906
08/11/2013 09:08,C,24.969
08/11/2013 10:08,C,29.717
08/11/2013 11:08,C,31.715
08/11/2013 12:08,C,32.713
08/11/2013 13:08,C,29.654
08/11/2013 14:08,C,30.529
08/11/2013 15:08,C,27.093
08/11/2013 16:08,C,29.217
08/11/2013 17:08,C,23.218
08/11/2013 18:08,C,20.279
08/11/2013 19:08,C,19.653
08/11/2013 20:08,C,19.903
08/11/2013 21:08,C,19.903
08/11/2013 22:08,C,20.216
08/11/2013 23:08,C,19.778
08/12/2013 00:08,C,19.653
08/12/2013 01:08,C,19.716
08/12/2013 02:08,C,19.653
08/12/2013 03:08,C,19.59
08/12/2013 04:08,C,19.34
08/12/2013 05:08,C,19.152
08/12/2013 06:08,C,19.34
08/12/2013 07:08,C,20.404
08/12/2013 08:08,C,21.28
08/12/2013 09:08,C,26.594
