1-Wire/iButton Part Number: DS1923,,
1-Wire/iButton Registration Number: 0C0000002BB55841,,
Mission in Progress?  true,,
SUTA Mission?  false,,
Waiting for Temperature Alarm?  false,,
Sample Rate:  Every 3600 second(s),,
Mission Start Time:  Sat Jun 01 08:38:01 CST 2013,,
Mission Sample Count:  2048,,
Roll Over Enabled?  true(rolled over occurred),,
First Sample Timestamp:  Sun Jun 23 03:38:01 CST 2013,,
Total Mission Samples:  2571,,
Total Device Samples:  9582,,
Temperature Logging:  0.0625 C,,
Temperature High Alarm:  disabled,,
Temperature Low Alarm:  disabled,,
Data Logging:  0.04 %RH,,
Data High Alarm:  disabled,,
Data Low Alarm:  disabled,,
,,
Date/Time,Unit,Value
06-23-13 03:38:01 AM,%RH,100.913
06-23-13 04:38:01 AM,%RH,100.673
06-23-13 05:38:01 AM,%RH,100.673
06-23-13 06:38:01 AM,%RH,98.131
06-23-13 07:38:01 AM,%RH,84.664
06-23-13 08:38:01 AM,%RH,70.554
06-23-13 09:38:01 AM,%RH,62.754
06-23-13 10:38:01 AM,%RH,56.798
06-23-13 11:38:01 AM,%RH,45.062
06-23-13 12:38:01 PM,%RH,43.795
06-23-13 01:38:01 PM,%RH,49.76
06-23-13 02:38:01 PM,%RH,36.39
06-23-13 03:38:01 PM,%RH,36.39
06-23-13 04:38:01 PM,%RH,48.828
06-23-13 05:38:01 PM,%RH,64.657
06-23-13 06:38:01 PM,%RH,77.255
06-23-13 07:38:01 PM,%RH,77.803
06-23-13 08:38:01 PM,%RH,85.717
06-23-13 09:38:01 PM,%RH,96.537
06-23-13 10:38:01 PM,%RH,98.253
06-23-13 11:38:01 PM,%RH,97.275
06-24-13 12:38:01 AM,%RH,99.83
06-24-13 01:38:01 AM,%RH,99.951
06-24-13 02:38:01 AM,%RH,99.226
06-24-13 03:38:01 AM,%RH,100.312
06-24-13 04:38:01 AM,%RH,100.072
06-24-13 05:38:01 AM,%RH,100.312
06-24-13 06:38:01 AM,%RH,93.677
06-24-13 07:38:01 AM,%RH,81.6
06-24-13 08:38:01 AM,%RH,67.122
06-24-13 09:38:01 AM,%RH,56.496
06-24-13 10:38:01 AM,%RH,62.607
06-24-13 11:38:01 AM,%RH,54.678
06-24-13 12:38:01 PM,%RH,55.74
06-24-13 01:38:01 PM,%RH,54.068
06-24-13 02:38:01 PM,%RH,59.199
06-24-13 03:38:01 PM,%RH,69.274
06-24-13 04:38:01 PM,%RH,66.544
06-24-13 05:38:01 PM,%RH,78.76
06-24-13 06:38:01 PM,%RH,87.547
06-24-13 07:38:01 PM,%RH,93.049
06-24-13 08:38:01 PM,%RH,98.74
06-24-13 09:38:01 PM,%RH,98.983
06-24-13 10:38:01 PM,%RH,100.192
06-24-13 11:38:01 PM,%RH,100.312
06-25-13 12:38:01 AM,%RH,100.433
06-25-13 01:38:01 AM,%RH,101.391
06-25-13 02:38:01 AM,%RH,100.192
06-25-13 03:38:01 AM,%RH,101.987
06-25-13 04:38:01 AM,%RH,100.793
06-25-13 05:38:01 AM,%RH,101.152
06-25-13 06:38:01 AM,%RH,100.913
06-25-13 07:38:01 AM,%RH,94.428
06-25-13 08:38:01 AM,%RH,89.999
06-25-13 09:38:01 AM,%RH,84.267
06-25-13 10:38:01 AM,%RH,70.696
06-25-13 11:38:01 AM,%RH,65.24
06-25-13 12:38:01 PM,%RH,62.313
06-25-13 01:38:01 PM,%RH,53.151
06-25-13 02:38:01 PM,%RH,50.999
06-25-13 03:38:01 PM,%RH,46.638
06-25-13 04:38:01 PM,%RH,64.512
06-25-13 05:38:01 PM,%RH,76.429
06-25-13 06:38:01 PM,%RH,83.072
06-25-13 07:38:01 PM,%RH,89.614
06-25-13 08:38:01 PM,%RH,89.229
06-25-13 09:38:01 PM,%RH,96.537
06-25-13 10:38:01 PM,%RH,98.862
06-25-13 11:38:01 PM,%RH,100.913
06-26-13 12:38:01 AM,%RH,100.192
06-26-13 01:38:01 AM,%RH,99.71
06-26-13 02:38:01 AM,%RH,100.312
06-26-13 03:38:01 AM,%RH,100.673
06-26-13 04:38:01 AM,%RH,100.913
06-26-13 05:38:01 AM,%RH,100.673
06-26-13 06:38:01 AM,%RH,89.743
06-26-13 07:38:01 AM,%RH,94.428
06-26-13 08:38:01 AM,%RH,82.003
06-26-13 09:38:01 AM,%RH,76.429
06-26-13 10:38:01 AM,%RH,59.795
06-26-13 11:38:01 AM,%RH,60.983
06-26-13 12:38:01 PM,%RH,55.285
06-26-13 01:38:01 PM,%RH,53.457
06-26-13 02:38:01 PM,%RH,53.916
06-26-13 03:38:01 PM,%RH,68.702
06-26-13 04:38:01 PM,%RH,64.074
06-26-13 05:38:01 PM,%RH,79.304
06-26-13 06:38:01 PM,%RH,88.713
06-26-13 07:38:01 PM,%RH,89.743
06-26-13 08:38:01 PM,%RH,95.3
06-26-13 09:38:01 PM,%RH,92.038
06-26-13 10:38:01 PM,%RH,94.927
06-26-13 11:38:01 PM,%RH,96.66
06-27-13 12:38:01 AM,%RH,98.131
06-27-13 01:38:01 AM,%RH,96.29
06-27-13 02:38:01 AM,%RH,97.398
06-27-13 03:38:01 AM,%RH,98.375
06-27-13 04:38:01 AM,%RH,99.226
06-27-13 05:38:01 AM,%RH,100.312
06-27-13 06:38:01 AM,%RH,84.134
06-27-13 07:38:01 AM,%RH,68.415
06-27-13 08:38:01 AM,%RH,61.575
06-27-13 09:38:01 AM,%RH,56.194
06-27-13 10:38:01 AM,%RH,50.071
06-27-13 11:38:01 AM,%RH,47.892
06-27-13 12:38:01 PM,%RH,44.271
06-27-13 01:38:01 PM,%RH,41.723
06-27-13 02:38:01 PM,%RH,37.042
06-27-13 03:38:01 PM,%RH,60.242
06-27-13 04:38:01 PM,%RH,72.531
06-27-13 05:38:01 PM,%RH,81.869
06-27-13 06:38:01 PM,%RH,88.584
06-27-13 07:38:01 PM,%RH,88.713
06-27-13 08:38:01 PM,%RH,88.713
06-27-13 09:38:01 PM,%RH,91.277
06-27-13 10:38:01 PM,%RH,92.418
06-27-13 11:38:01 PM,%RH,93.175
06-28-13 12:38:01 AM,%RH,93.552
06-28-13 01:38:01 AM,%RH,96.167
06-28-13 02:38:01 AM,%RH,97.887
06-28-13 03:38:01 AM,%RH,96.537
06-28-13 04:38:01 AM,%RH,98.497
06-28-13 05:38:01 AM,%RH,99.347
06-28-13 06:38:01 AM,%RH,99.83
06-28-13 07:38:01 AM,%RH,95.92
06-28-13 08:38:01 AM,%RH,86.242
06-28-13 09:38:01 AM,%RH,74.072
06-28-13 10:38:01 AM,%RH,50.535
06-28-13 11:38:01 AM,%RH,58.9
06-28-13 12:38:01 PM,%RH,47.735
06-28-13 01:38:01 PM,%RH,48.983
06-28-13 02:38:01 PM,%RH,45.694
06-28-13 03:38:01 PM,%RH,56.647
06-28-13 04:38:01 PM,%RH,50.226
06-28-13 05:38:01 PM,%RH,71.827
06-28-13 06:38:01 PM,%RH,80.658
06-28-13 07:38:01 PM,%RH,85.059
06-28-13 08:38:01 PM,%RH,87.417
06-28-13 09:38:01 PM,%RH,87.026
06-28-13 10:38:01 PM,%RH,95.3
06-28-13 11:38:01 PM,%RH,99.226
06-29-13 12:38:01 AM,%RH,99.951
06-29-13 01:38:01 AM,%RH,99.347
06-29-13 02:38:01 AM,%RH,99.589
06-29-13 03:38:01 AM,%RH,99.226
06-29-13 04:38:01 AM,%RH,99.105
06-29-13 05:38:01 AM,%RH,100.312
06-29-13 06:38:01 AM,%RH,99.71
06-29-13 07:38:01 AM,%RH,96.414
06-29-13 08:38:01 AM,%RH,92.923
06-29-13 09:38:01 AM,%RH,73.932
06-29-13 10:38:01 AM,%RH,72.391
06-29-13 11:38:01 AM,%RH,61.428
06-29-13 12:38:01 PM,%RH,55.892
06-29-13 01:38:01 PM,%RH,54.83
06-29-13 02:38:01 PM,%RH,51.616
06-29-13 03:38:01 PM,%RH,62.754
06-29-13 04:38:01 PM,%RH,88.971
06-29-13 05:38:01 PM,%RH,97.887
06-29-13 06:38:01 PM,%RH,97.52
06-29-13 07:38:01 PM,%RH,99.226
06-29-13 08:38:01 PM,%RH,99.226
06-29-13 09:38:01 PM,%RH,100.072
06-29-13 10:38:01 PM,%RH,101.391
06-29-13 11:38:01 PM,%RH,99.951
06-30-13 12:38:01 AM,%RH,100.913
06-30-13 01:38:01 AM,%RH,100.793
06-30-13 02:38:01 AM,%RH,100.913
06-30-13 03:38:01 AM,%RH,100.553
06-30-13 04:38:01 AM,%RH,101.511
06-30-13 05:38:01 AM,%RH,100.433
06-30-13 06:38:01 AM,%RH,101.152
06-30-13 07:38:01 AM,%RH,96.907
06-30-13 08:38:01 AM,%RH,93.3
06-30-13 09:38:01 AM,%RH,76.843
06-30-13 10:38:01 AM,%RH,67.41
06-30-13 11:38:01 AM,%RH,47.892
06-30-13 12:38:01 PM,%RH,64.949
06-30-13 01:38:01 PM,%RH,63.488
06-30-13 02:38:01 PM,%RH,52.231
06-30-13 03:38:01 PM,%RH,75.323
06-30-13 04:38:01 PM,%RH,91.531
06-30-13 05:38:01 PM,%RH,99.589
06-30-13 06:38:01 PM,%RH,99.589
06-30-13 07:38:01 PM,%RH,100.192
06-30-13 08:38:01 PM,%RH,100.312
06-30-13 09:38:01 PM,%RH,100.793
06-30-13 10:38:01 PM,%RH,101.152
06-30-13 11:38:01 PM,%RH,101.391
07-01-13 12:38:01 AM,%RH,101.033
07-01-13 01:38:01 AM,%RH,102.106
07-01-13 02:38:01 AM,%RH,100.913
07-01-13 03:38:01 AM,%RH,101.749
07-01-13 04:38:01 AM,%RH,102.463
07-01-13 05:38:01 AM,%RH,102.225
07-01-13 06:38:01 AM,%RH,101.152
07-01-13 07:38:01 AM,%RH,90.384
07-01-13 08:38:01 AM,%RH,82.003
07-01-13 09:38:01 AM,%RH,70.838
07-01-13 10:38:01 AM,%RH,67.266
07-01-13 11:38:01 AM,%RH,67.554
07-01-13 12:38:01 PM,%RH,68.415
07-01-13 01:38:01 PM,%RH,61.723
07-01-13 02:38:01 PM,%RH,62.313
07-01-13 03:38:01 PM,%RH,68.415
07-01-13 04:38:01 PM,%RH,72.952
07-01-13 05:38:01 PM,%RH,83.604
07-01-13 06:38:01 PM,%RH,98.862
07-01-13 07:38:01 PM,%RH,100.673
07-01-13 08:38:01 PM,%RH,100.553
07-01-13 09:38:01 PM,%RH,100.793
07-01-13 10:38:01 PM,%RH,100.433
07-01-13 11:38:01 PM,%RH,100.793
07-02-13 12:38:01 AM,%RH,100.793
07-02-13 01:38:01 AM,%RH,100.673
07-02-13 02:38:01 AM,%RH,101.152
07-02-13 03:38:01 AM,%RH,101.511
07-02-13 04:38:01 AM,%RH,101.987
07-02-13 05:38:01 AM,%RH,101.033
07-02-13 06:38:01 AM,%RH,100.793
07-02-13 07:38:01 AM,%RH,96.907
07-02-13 08:38:01 AM,%RH,92.544
07-02-13 09:38:01 AM,%RH,64.949
07-02-13 10:38:01 AM,%RH,74.072
07-02-13 11:38:01 AM,%RH,65.24
07-02-13 12:38:01 PM,%RH,58.152
07-02-13 01:38:01 PM,%RH,58.002
07-02-13 02:38:01 PM,%RH,64.22
07-02-13 03:38:01 PM,%RH,76.705
07-02-13 04:38:01 PM,%RH,96.043
07-02-13 05:38:01 PM,%RH,96.66
07-02-13 06:38:01 PM,%RH,97.887
07-02-13 07:38:01 PM,%RH,98.862
07-02-13 08:38:01 PM,%RH,101.033
07-02-13 09:38:01 PM,%RH,100.433
07-02-13 10:38:01 PM,%RH,100.793
07-02-13 11:38:01 PM,%RH,101.63
07-03-13 12:38:01 AM,%RH,101.511
07-03-13 01:38:01 AM,%RH,101.152
07-03-13 02:38:01 AM,%RH,102.463
07-03-13 03:38:01 AM,%RH,101.391
07-03-13 04:38:01 AM,%RH,101.749
07-03-13 05:38:01 AM,%RH,100.913
07-03-13 06:38:01 AM,%RH,101.987
07-03-13 07:38:01 AM,%RH,95.796
07-03-13 08:38:01 AM,%RH,93.175
07-03-13 09:38:01 AM,%RH,79.576
07-03-13 10:38:01 AM,%RH,66.833
07-03-13 11:38:01 AM,%RH,66.689
07-03-13 12:38:01 PM,%RH,67.122
07-03-13 01:38:01 PM,%RH,65.094
07-03-13 02:38:01 PM,%RH,67.985
07-03-13 03:38:01 PM,%RH,65.821
07-03-13 04:38:01 PM,%RH,66.833
07-03-13 05:38:01 PM,%RH,72.952
07-03-13 06:38:01 PM,%RH,86.504
07-03-13 07:38:01 PM,%RH,97.52
07-03-13 08:38:01 PM,%RH,99.347
07-03-13 09:38:01 PM,%RH,100.192
07-03-13 10:38:01 PM,%RH,100.673
07-03-13 11:38:01 PM,%RH,101.033
07-04-13 12:38:01 AM,%RH,100.673
07-04-13 01:38:01 AM,%RH,101.63
07-04-13 02:38:01 AM,%RH,101.511
07-04-13 03:38:01 AM,%RH,101.033
07-04-13 04:38:01 AM,%RH,101.749
07-04-13 05:38:01 AM,%RH,101.987
07-04-13 06:38:01 AM,%RH,100.793
07-04-13 07:38:01 AM,%RH,97.887
07-04-13 08:38:01 AM,%RH,83.604
07-04-13 09:38:01 AM,%RH,85.717
07-04-13 10:38:01 AM,%RH,74.629
07-04-13 11:38:01 AM,%RH,76.015
07-04-13 12:38:01 PM,%RH,68.988
07-04-13 01:38:01 PM,%RH,58.601
07-04-13 02:38:01 PM,%RH,60.687
07-04-13 03:38:01 PM,%RH,73.653
07-04-13 04:38:01 PM,%RH,89.999
07-04-13 05:38:01 PM,%RH,94.553
07-04-13 06:38:01 PM,%RH,100.072
07-04-13 07:38:01 PM,%RH,100.553
07-04-13 08:38:01 PM,%RH,100.312
07-04-13 09:38:01 PM,%RH,100.673
07-04-13 10:38:01 PM,%RH,100.913
07-04-13 11:38:01 PM,%RH,100.673
07-05-13 12:38:01 AM,%RH,101.033
07-05-13 01:38:01 AM,%RH,100.673
07-05-13 02:38:01 AM,%RH,101.63
07-05-13 03:38:01 AM,%RH,101.391
07-05-13 04:38:01 AM,%RH,100.072
07-05-13 05:38:01 AM,%RH,101.749
07-05-13 06:38:01 AM,%RH,100.072
07-05-13 07:38:01 AM,%RH,93.175
07-05-13 08:38:01 AM,%RH,76.015
07-05-13 09:38:01 AM,%RH,79.304
07-05-13 10:38:01 AM,%RH,70.554
07-05-13 11:38:01 AM,%RH,61.28
07-05-13 12:38:01 PM,%RH,58.9
07-05-13 01:38:01 PM,%RH,56.345
07-05-13 02:38:01 PM,%RH,49.605
07-05-13 03:38:01 PM,%RH,52.385
07-05-13 04:38:01 PM,%RH,51.77
07-05-13 05:38:01 PM,%RH,62.166
07-05-13 06:38:01 PM,%RH,81.063
07-05-13 07:38:01 PM,%RH,96.907
07-05-13 08:38:01 PM,%RH,98.983
07-05-13 09:38:01 PM,%RH,96.043
07-05-13 10:38:01 PM,%RH,98.375
07-05-13 11:38:01 PM,%RH,99.83
07-06-13 12:38:01 AM,%RH,100.072
07-06-13 01:38:01 AM,%RH,100.673
07-06-13 02:38:01 AM,%RH,100.913
07-06-13 03:38:01 AM,%RH,100.913
07-06-13 04:38:01 AM,%RH,101.033
07-06-13 05:38:01 AM,%RH,101.033
07-06-13 06:38:01 AM,%RH,91.022
07-06-13 07:38:01 AM,%RH,84.531
07-06-13 08:38:01 AM,%RH,78.896
07-06-13 09:38:01 AM,%RH,66.11
07-06-13 10:38:01 AM,%RH,72.952
07-06-13 11:38:01 AM,%RH,60.39
07-06-13 12:38:01 PM,%RH,58.301
07-06-13 01:38:01 PM,%RH,59.199
07-06-13 02:38:01 PM,%RH,58.451
07-06-13 03:38:01 PM,%RH,48.672
07-06-13 04:38:01 PM,%RH,58.601
07-06-13 05:38:01 PM,%RH,73.233
07-06-13 06:38:01 PM,%RH,80.118
07-06-13 07:38:01 PM,%RH,88.454
07-06-13 08:38:01 PM,%RH,90.767
07-06-13 09:38:01 PM,%RH,96.907
07-06-13 10:38:01 PM,%RH,96.907
07-06-13 11:38:01 PM,%RH,96.414
07-07-13 12:38:01 AM,%RH,98.983
07-07-13 01:38:01 AM,%RH,100.072
07-07-13 02:38:01 AM,%RH,100.192
07-07-13 03:38:01 AM,%RH,99.468
07-07-13 04:38:01 AM,%RH,100.192
07-07-13 05:38:01 AM,%RH,100.553
07-07-13 06:38:01 AM,%RH,86.373
07-07-13 07:38:01 AM,%RH,72.672
07-07-13 08:38:01 AM,%RH,64.657
07-07-13 09:38:01 AM,%RH,56.194
07-07-13 10:38:01 AM,%RH,52.998
07-07-13 11:38:01 AM,%RH,48.048
07-07-13 12:38:01 PM,%RH,46.795
07-07-13 01:38:01 PM,%RH,39.312
07-07-13 02:38:01 PM,%RH,42.202
07-07-13 03:38:01 PM,%RH,46.638
07-07-13 04:38:01 PM,%RH,59.05
07-07-13 05:38:01 PM,%RH,69.701
07-07-13 06:38:01 PM,%RH,85.059
07-07-13 07:38:01 PM,%RH,93.3
07-07-13 08:38:01 PM,%RH,96.784
07-07-13 09:38:01 PM,%RH,94.053
07-07-13 10:38:01 PM,%RH,96.907
07-07-13 11:38:01 PM,%RH,97.643
07-08-13 12:38:01 AM,%RH,99.105
07-08-13 01:38:01 AM,%RH,95.92
07-08-13 02:38:01 AM,%RH,97.152
07-08-13 03:38:01 AM,%RH,98.862
07-08-13 04:38:01 AM,%RH,98.009
07-08-13 05:38:01 AM,%RH,98.619
07-08-13 06:38:01 AM,%RH,95.051
07-08-13 07:38:01 AM,%RH,83.471
07-08-13 08:38:01 AM,%RH,86.504
07-08-13 09:38:01 AM,%RH,66.978
07-08-13 10:38:01 AM,%RH,71.545
07-08-13 11:38:01 AM,%RH,60.39
07-08-13 12:38:01 PM,%RH,58.601
07-08-13 01:38:01 PM,%RH,54.525
07-08-13 02:38:01 PM,%RH,57.701
07-08-13 03:38:01 PM,%RH,54.982
07-08-13 04:38:01 PM,%RH,90.767
07-08-13 05:38:01 PM,%RH,98.983
07-08-13 06:38:01 PM,%RH,100.072
07-08-13 07:38:01 PM,%RH,100.673
07-08-13 08:38:01 PM,%RH,100.192
07-08-13 09:38:01 PM,%RH,99.951
07-08-13 10:38:01 PM,%RH,100.673
07-08-13 11:38:01 PM,%RH,101.272
07-09-13 12:38:01 AM,%RH,100.192
07-09-13 01:38:01 AM,%RH,100.192
07-09-13 02:38:01 AM,%RH,100.913
07-09-13 03:38:01 AM,%RH,101.391
07-09-13 04:38:01 AM,%RH,100.913
07-09-13 05:38:01 AM,%RH,101.391
07-09-13 06:38:01 AM,%RH,94.802
07-09-13 07:38:01 AM,%RH,96.167
07-09-13 08:38:01 AM,%RH,89.999
07-09-13 09:38:01 AM,%RH,86.895
07-09-13 10:38:01 AM,%RH,71.404
07-09-13 11:38:01 AM,%RH,60.835
07-09-13 12:38:01 PM,%RH,64.949
07-09-13 01:38:01 PM,%RH,58.002
07-09-13 02:38:01 PM,%RH,57.701
07-09-13 03:38:01 PM,%RH,68.845
07-09-13 04:38:01 PM,%RH,60.983
07-09-13 05:38:01 PM,%RH,77.529
07-09-13 06:38:01 PM,%RH,86.765
07-09-13 07:38:01 PM,%RH,89.614
07-09-13 08:38:01 PM,%RH,94.927
07-09-13 09:38:01 PM,%RH,98.862
07-09-13 10:38:01 PM,%RH,99.83
07-09-13 11:38:01 PM,%RH,100.312
07-10-13 12:38:01 AM,%RH,100.793
07-10-13 01:38:01 AM,%RH,100.072
07-10-13 02:38:01 AM,%RH,101.272
07-10-13 03:38:01 AM,%RH,101.033
07-10-13 04:38:01 AM,%RH,101.511
07-10-13 05:38:01 AM,%RH,101.868
07-10-13 06:38:01 AM,%RH,100.312
07-10-13 07:38:01 AM,%RH,92.544
07-10-13 08:38:01 AM,%RH,89.1
07-10-13 09:38:01 AM,%RH,87.806
07-10-13 10:38:01 AM,%RH,83.338
07-10-13 11:38:01 AM,%RH,70.979
07-10-13 12:38:01 PM,%RH,64.949
07-10-13 01:38:01 PM,%RH,60.983
07-10-13 02:38:01 PM,%RH,60.539
07-10-13 03:38:01 PM,%RH,69.416
07-10-13 04:38:01 PM,%RH,72.531
07-10-13 05:38:01 PM,%RH,82.672
07-10-13 06:38:01 PM,%RH,87.936
07-10-13 07:38:01 PM,%RH,96.29
07-10-13 08:38:01 PM,%RH,99.347
07-10-13 09:38:01 PM,%RH,100.072
07-10-13 10:38:01 PM,%RH,99.951
07-10-13 11:38:01 PM,%RH,101.152
07-11-13 12:38:01 AM,%RH,101.63
07-11-13 01:38:01 AM,%RH,101.391
07-11-13 02:38:01 AM,%RH,101.391
07-11-13 03:38:01 AM,%RH,101.272
07-11-13 04:38:01 AM,%RH,101.749
07-11-13 05:38:01 AM,%RH,101.987
07-11-13 06:38:01 AM,%RH,95.424
07-11-13 07:38:01 AM,%RH,75.184
07-11-13 08:38:01 AM,%RH,68.702
07-11-13 09:38:01 AM,%RH,67.698
07-11-13 10:38:01 AM,%RH,64.366
07-11-13 11:38:01 AM,%RH,54.678
07-11-13 12:38:01 PM,%RH,58.002
07-11-13 01:38:01 PM,%RH,55.892
07-11-13 02:38:01 PM,%RH,55.285
07-11-13 03:38:01 PM,%RH,60.983
07-11-13 04:38:01 PM,%RH,72.952
07-11-13 05:38:01 PM,%RH,77.118
07-11-13 06:38:01 PM,%RH,88.713
07-11-13 07:38:01 PM,%RH,93.677
07-11-13 08:38:01 PM,%RH,97.029
07-11-13 09:38:01 PM,%RH,96.66
07-11-13 10:38:01 PM,%RH,99.347
07-11-13 11:38:01 PM,%RH,100.433
07-12-13 12:38:01 AM,%RH,100.673
07-12-13 01:38:01 AM,%RH,101.033
07-12-13 02:38:01 AM,%RH,101.749
07-12-13 03:38:01 AM,%RH,101.152
07-12-13 04:38:01 AM,%RH,101.152
07-12-13 05:38:01 AM,%RH,101.63
07-12-13 06:38:01 AM,%RH,101.868
07-12-13 07:38:01 AM,%RH,99.951
07-12-13 08:38:01 AM,%RH,97.275
07-12-13 09:38:01 AM,%RH,90.895
07-12-13 10:38:01 AM,%RH,85.323
07-12-13 11:38:01 AM,%RH,76.015
07-12-13 12:38:01 PM,%RH,69.274
07-12-13 01:38:01 PM,%RH,77.392
07-12-13 02:38:01 PM,%RH,57.551
07-12-13 03:38:01 PM,%RH,58.002
07-12-13 04:38:01 PM,%RH,62.018
07-12-13 05:38:01 PM,%RH,83.072
07-12-13 06:38:01 PM,%RH,97.152
07-12-13 07:38:01 PM,%RH,98.131
07-12-13 08:38:01 PM,%RH,100.192
07-12-13 09:38:01 PM,%RH,100.673
07-12-13 10:38:01 PM,%RH,101.272
07-12-13 11:38:01 PM,%RH,101.272
07-13-13 12:38:01 AM,%RH,101.033
07-13-13 01:38:01 AM,%RH,101.63
07-13-13 02:38:01 AM,%RH,101.033
07-13-13 03:38:01 AM,%RH,101.749
07-13-13 04:38:01 AM,%RH,101.868
07-13-13 05:38:01 AM,%RH,101.749
07-13-13 06:38:01 AM,%RH,101.391
07-13-13 07:38:01 AM,%RH,98.74
07-13-13 08:38:01 AM,%RH,93.175
07-13-13 09:38:01 AM,%RH,76.567
07-13-13 10:38:01 AM,%RH,71.968
07-13-13 11:38:01 AM,%RH,76.015
07-13-13 12:38:01 PM,%RH,73.932
07-13-13 01:38:01 PM,%RH,88.066
07-13-13 02:38:01 PM,%RH,71.686
07-13-13 03:38:01 PM,%RH,91.022
07-13-13 04:38:01 PM,%RH,92.165
07-13-13 05:38:01 PM,%RH,97.029
07-13-13 06:38:01 PM,%RH,98.131
07-13-13 07:38:01 PM,%RH,99.71
07-13-13 08:38:01 PM,%RH,100.072
07-13-13 09:38:01 PM,%RH,100.072
07-13-13 10:38:01 PM,%RH,100.793
07-13-13 11:38:01 PM,%RH,100.553
07-14-13 12:38:01 AM,%RH,101.511
07-14-13 01:38:01 AM,%RH,101.152
07-14-13 02:38:01 AM,%RH,101.152
07-14-13 03:38:01 AM,%RH,101.033
07-14-13 04:38:01 AM,%RH,101.391
07-14-13 05:38:01 AM,%RH,101.749
07-14-13 06:38:01 AM,%RH,101.63
07-14-13 07:38:01 AM,%RH,97.275
07-14-13 08:38:01 AM,%RH,85.717
07-14-13 09:38:01 AM,%RH,71.827
07-14-13 10:38:01 AM,%RH,58.152
07-14-13 11:38:01 AM,%RH,61.28
07-14-13 12:38:01 PM,%RH,59.497
07-14-13 01:38:01 PM,%RH,69.559
07-14-13 02:38:01 PM,%RH,57.701
07-14-13 03:38:01 PM,%RH,53.457
07-14-13 04:38:01 PM,%RH,72.531
07-14-13 05:38:01 PM,%RH,86.111
07-14-13 06:38:01 PM,%RH,92.797
07-14-13 07:38:01 PM,%RH,94.303
07-14-13 08:38:01 PM,%RH,96.537
07-14-13 09:38:01 PM,%RH,97.52
07-14-13 10:38:01 PM,%RH,98.619
07-14-13 11:38:01 PM,%RH,99.468
07-15-13 12:38:01 AM,%RH,100.673
07-15-13 01:38:01 AM,%RH,99.951
07-15-13 02:38:01 AM,%RH,100.673
07-15-13 03:38:01 AM,%RH,100.072
07-15-13 04:38:01 AM,%RH,100.312
07-15-13 05:38:01 AM,%RH,101.63
07-15-13 06:38:01 AM,%RH,100.192
07-15-13 07:38:01 AM,%RH,83.338
07-15-13 08:38:01 AM,%RH,62.46
07-15-13 09:38:01 AM,%RH,58.751
07-15-13 10:38:01 AM,%RH,53.916
07-15-13 11:38:01 AM,%RH,45.851
07-15-13 12:38:01 PM,%RH,41.563
07-15-13 01:38:01 PM,%RH,47.265
07-15-13 02:38:01 PM,%RH,47.892
07-15-13 03:38:01 PM,%RH,39.796
07-15-13 04:38:01 PM,%RH,43.159
07-15-13 05:38:01 PM,%RH,71.686
07-15-13 06:38:01 PM,%RH,85.717
07-15-13 07:38:01 PM,%RH,93.928
07-15-13 08:38:01 PM,%RH,97.029
07-15-13 09:38:01 PM,%RH,98.009
07-15-13 10:38:01 PM,%RH,98.862
07-15-13 11:38:01 PM,%RH,98.497
07-16-13 12:38:01 AM,%RH,97.398
07-16-13 01:38:01 AM,%RH,98.619
07-16-13 02:38:01 AM,%RH,98.375
07-16-13 03:38:01 AM,%RH,98.74
07-16-13 04:38:01 AM,%RH,99.105
07-16-13 05:38:01 AM,%RH,100.553
07-16-13 06:38:01 AM,%RH,99.589
07-16-13 07:38:01 AM,%RH,87.026
07-16-13 08:38:01 AM,%RH,86.373
07-16-13 09:38:01 AM,%RH,80.388
07-16-13 10:38:01 AM,%RH,70.27
07-16-13 11:38:01 AM,%RH,54.068
07-16-13 12:38:01 PM,%RH,56.043
07-16-13 01:38:01 PM,%RH,52.077
07-16-13 02:38:01 PM,%RH,56.194
07-16-13 03:38:01 PM,%RH,69.131
07-16-13 04:38:01 PM,%RH,63.488
07-16-13 05:38:01 PM,%RH,85.98
07-16-13 06:38:01 PM,%RH,91.149
07-16-13 07:38:01 PM,%RH,90.256
07-16-13 08:38:01 PM,%RH,94.303
07-16-13 09:38:01 PM,%RH,96.907
07-16-13 10:38:01 PM,%RH,97.643
07-16-13 11:38:01 PM,%RH,96.784
07-17-13 12:38:01 AM,%RH,99.589
07-17-13 01:38:01 AM,%RH,98.619
07-17-13 02:38:01 AM,%RH,98.862
07-17-13 03:38:01 AM,%RH,99.71
07-17-13 04:38:01 AM,%RH,100.553
07-17-13 05:38:01 AM,%RH,100.312
07-17-13 06:38:01 AM,%RH,91.149
07-17-13 07:38:01 AM,%RH,93.426
07-17-13 08:38:01 AM,%RH,84.134
07-17-13 09:38:01 AM,%RH,65.094
07-17-13 10:38:01 AM,%RH,64.657
07-17-13 11:38:01 AM,%RH,58.152
07-17-13 12:38:01 PM,%RH,55.437
07-17-13 01:38:01 PM,%RH,56.496
07-17-13 02:38:01 PM,%RH,53.151
07-17-13 03:38:01 PM,%RH,58.601
07-17-13 04:38:01 PM,%RH,66.978
07-17-13 05:38:01 PM,%RH,78.896
07-17-13 06:38:01 PM,%RH,89.229
07-17-13 07:38:01 PM,%RH,89.614
07-17-13 08:38:01 PM,%RH,72.531
07-17-13 09:38:01 PM,%RH,97.275
07-17-13 10:38:01 PM,%RH,99.226
07-17-13 11:38:01 PM,%RH,98.983
07-18-13 12:38:01 AM,%RH,100.673
07-18-13 01:38:01 AM,%RH,101.868
07-18-13 02:38:01 AM,%RH,101.033
07-18-13 03:38:01 AM,%RH,101.152
07-18-13 04:38:01 AM,%RH,101.511
07-18-13 05:38:01 AM,%RH,101.391
07-18-13 06:38:01 AM,%RH,98.497
07-18-13 07:38:01 AM,%RH,84.399
07-18-13 08:38:01 AM,%RH,77.118
07-18-13 09:38:01 AM,%RH,70.554
07-18-13 10:38:01 AM,%RH,54.678
07-18-13 11:38:01 AM,%RH,61.428
07-18-13 12:38:01 PM,%RH,67.266
07-18-13 01:38:01 PM,%RH,61.28
07-18-13 02:38:01 PM,%RH,53.457
07-18-13 03:38:01 PM,%RH,62.313
07-18-13 04:38:01 PM,%RH,70.979
07-18-13 05:38:01 PM,%RH,87.156
07-18-13 06:38:01 PM,%RH,98.983
07-18-13 07:38:01 PM,%RH,99.951
07-18-13 08:38:01 PM,%RH,100.913
07-18-13 09:38:01 PM,%RH,100.673
07-18-13 10:38:01 PM,%RH,101.987
07-18-13 11:38:01 PM,%RH,101.272
07-19-13 12:38:01 AM,%RH,101.391
07-19-13 01:38:01 AM,%RH,101.511
07-19-13 02:38:01 AM,%RH,100.913
07-19-13 03:38:01 AM,%RH,100.913
07-19-13 04:38:01 AM,%RH,101.511
07-19-13 05:38:01 AM,%RH,101.272
07-19-13 06:38:01 AM,%RH,100.192
07-19-13 07:38:01 AM,%RH,96.043
07-19-13 08:38:01 AM,%RH,86.111
07-19-13 09:38:01 AM,%RH,84.796
07-19-13 10:38:01 AM,%RH,68.415
07-19-13 11:38:01 AM,%RH,57.25
07-19-13 12:38:01 PM,%RH,58.451
07-19-13 01:38:01 PM,%RH,64.657
07-19-13 02:38:01 PM,%RH,62.46
07-19-13 03:38:01 PM,%RH,67.266
07-19-13 04:38:01 PM,%RH,63.048
07-19-13 05:38:01 PM,%RH,80.118
07-19-13 06:38:01 PM,%RH,90.895
07-19-13 07:38:01 PM,%RH,95.672
07-19-13 08:38:01 PM,%RH,98.375
07-19-13 09:38:01 PM,%RH,99.71
07-19-13 10:38:01 PM,%RH,99.951
07-19-13 11:38:01 PM,%RH,99.71
07-20-13 12:38:01 AM,%RH,99.105
07-20-13 01:38:01 AM,%RH,98.253
07-20-13 02:38:01 AM,%RH,98.862
07-20-13 03:38:01 AM,%RH,100.072
07-20-13 04:38:01 AM,%RH,101.033
07-20-13 05:38:01 AM,%RH,101.272
07-20-13 06:38:01 AM,%RH,101.63
07-20-13 07:38:01 AM,%RH,94.678
07-20-13 08:38:01 AM,%RH,89.229
07-20-13 09:38:01 AM,%RH,83.869
07-20-13 10:38:01 AM,%RH,74.211
07-20-13 11:38:01 AM,%RH,71.262
07-20-13 12:38:01 PM,%RH,69.844
07-20-13 01:38:01 PM,%RH,68.988
07-20-13 02:38:01 PM,%RH,54.982
07-20-13 03:38:01 PM,%RH,81.869
07-20-13 04:38:01 PM,%RH,65.53
07-20-13 05:38:01 PM,%RH,67.985
07-20-13 06:38:01 PM,%RH,95.672
07-20-13 07:38:01 PM,%RH,85.191
07-20-13 08:38:01 PM,%RH,93.928
07-20-13 09:38:01 PM,%RH,87.547
07-20-13 10:38:01 PM,%RH,96.414
07-20-13 11:38:01 PM,%RH,98.009
07-21-13 12:38:01 AM,%RH,100.312
07-21-13 01:38:01 AM,%RH,98.619
07-21-13 02:38:01 AM,%RH,99.71
07-21-13 03:38:01 AM,%RH,97.765
07-21-13 04:38:01 AM,%RH,98.619
07-21-13 05:38:01 AM,%RH,99.105
07-21-13 06:38:01 AM,%RH,98.74
07-21-13 07:38:01 AM,%RH,91.658
07-21-13 08:38:01 AM,%RH,77.118
07-21-13 09:38:01 AM,%RH,69.559
07-21-13 10:38:01 AM,%RH,67.122
07-21-13 11:38:01 AM,%RH,62.901
07-21-13 12:38:01 PM,%RH,54.83
07-21-13 01:38:01 PM,%RH,51.462
07-21-13 02:38:01 PM,%RH,57.851
07-21-13 03:38:01 PM,%RH,46.481
07-21-13 04:38:01 PM,%RH,47.892
07-21-13 05:38:01 PM,%RH,72.25
07-21-13 06:38:01 PM,%RH,86.373
07-21-13 07:38:01 PM,%RH,94.178
07-21-13 08:38:01 PM,%RH,96.29
07-21-13 09:38:01 PM,%RH,98.497
07-21-13 10:38:01 PM,%RH,99.105
07-21-13 11:38:01 PM,%RH,99.347
07-22-13 12:38:01 AM,%RH,100.072
07-22-13 01:38:01 AM,%RH,99.226
07-22-13 02:38:01 AM,%RH,101.511
07-22-13 03:38:01 AM,%RH,101.391
07-22-13 04:38:01 AM,%RH,102.463
07-22-13 05:38:01 AM,%RH,101.868
07-22-13 06:38:01 AM,%RH,98.009
07-22-13 07:38:01 AM,%RH,81.197
07-22-13 08:38:01 AM,%RH,72.812
07-22-13 09:38:01 AM,%RH,63.048
07-22-13 10:38:01 AM,%RH,56.798
07-22-13 11:38:01 AM,%RH,40.44
07-22-13 12:38:01 PM,%RH,54.373
07-22-13 01:38:01 PM,%RH,54.373
07-22-13 02:38:01 PM,%RH,53.61
07-22-13 03:38:01 PM,%RH,59.348
07-22-13 04:38:01 PM,%RH,57.1
07-22-13 05:38:01 PM,%RH,79.304
07-22-13 06:38:01 PM,%RH,84.399
07-22-13 07:38:01 PM,%RH,93.175
07-22-13 08:38:01 PM,%RH,94.553
07-22-13 09:38:01 PM,%RH,96.784
07-22-13 10:38:01 PM,%RH,98.983
07-22-13 11:38:01 PM,%RH,98.497
07-23-13 12:38:01 AM,%RH,99.347
07-23-13 01:38:01 AM,%RH,100.673
07-23-13 02:38:01 AM,%RH,101.749
07-23-13 03:38:01 AM,%RH,101.033
07-23-13 04:38:01 AM,%RH,101.272
07-23-13 05:38:01 AM,%RH,101.152
07-23-13 06:38:01 AM,%RH,100.433
07-23-13 07:38:01 AM,%RH,92.038
07-23-13 08:38:01 AM,%RH,89.999
07-23-13 09:38:01 AM,%RH,64.22
07-23-13 10:38:01 AM,%RH,65.53
07-23-13 11:38:01 AM,%RH,66.544
07-23-13 12:38:01 PM,%RH,64.22
07-23-13 01:38:01 PM,%RH,66.4
07-23-13 02:38:01 PM,%RH,58.301
07-23-13 03:38:01 PM,%RH,60.242
07-23-13 04:38:01 PM,%RH,73.513
07-23-13 05:38:01 PM,%RH,88.842
07-23-13 06:38:01 PM,%RH,85.586
07-23-13 07:38:01 PM,%RH,99.226
07-23-13 08:38:01 PM,%RH,100.192
07-23-13 09:38:01 PM,%RH,101.272
07-23-13 10:38:01 PM,%RH,100.072
07-23-13 11:38:01 PM,%RH,101.391
07-24-13 12:38:01 AM,%RH,101.868
07-24-13 01:38:01 AM,%RH,101.749
07-24-13 02:38:01 AM,%RH,101.272
07-24-13 03:38:01 AM,%RH,101.391
07-24-13 04:38:01 AM,%RH,101.987
07-24-13 05:38:01 AM,%RH,102.225
07-24-13 06:38:01 AM,%RH,101.272
07-24-13 07:38:01 AM,%RH,93.049
07-24-13 08:38:01 AM,%RH,73.792
07-24-13 09:38:01 AM,%RH,68.272
07-24-13 10:38:01 AM,%RH,64.074
07-24-13 11:38:01 AM,%RH,65.676
07-24-13 12:38:01 PM,%RH,58.451
07-24-13 01:38:01 PM,%RH,56.949
07-24-13 02:38:01 PM,%RH,62.607
07-24-13 03:38:01 PM,%RH,61.132
07-24-13 04:38:01 PM,%RH,76.015
07-24-13 05:38:01 PM,%RH,81.869
07-24-13 06:38:01 PM,%RH,89.999
07-24-13 07:38:01 PM,%RH,94.553
07-24-13 08:38:01 PM,%RH,98.619
07-24-13 09:38:01 PM,%RH,97.887
07-24-13 10:38:01 PM,%RH,99.83
07-24-13 11:38:01 PM,%RH,100.072
07-25-13 12:38:01 AM,%RH,100.312
07-25-13 01:38:01 AM,%RH,100.913
07-25-13 02:38:01 AM,%RH,101.152
07-25-13 03:38:01 AM,%RH,101.272
07-25-13 04:38:01 AM,%RH,101.63
07-25-13 05:38:01 AM,%RH,101.63
07-25-13 06:38:01 AM,%RH,101.152
07-25-13 07:38:01 AM,%RH,98.375
07-25-13 08:38:01 AM,%RH,87.936
07-25-13 09:38:01 AM,%RH,67.122
07-25-13 10:38:01 AM,%RH,68.129
07-25-13 11:38:01 AM,%RH,56.496
07-25-13 12:38:01 PM,%RH,45.062
07-25-13 01:38:01 PM,%RH,42.362
07-25-13 02:38:01 PM,%RH,41.403
07-25-13 03:38:01 PM,%RH,55.892
07-25-13 04:38:01 PM,%RH,62.754
07-25-13 05:38:01 PM,%RH,74.211
07-25-13 06:38:01 PM,%RH,85.717
07-25-13 07:38:01 PM,%RH,92.671
07-25-13 08:38:01 PM,%RH,93.677
07-25-13 09:38:01 PM,%RH,96.907
07-25-13 10:38:01 PM,%RH,100.433
07-25-13 11:38:01 PM,%RH,100.312
07-26-13 12:38:01 AM,%RH,101.033
07-26-13 01:38:01 AM,%RH,101.272
07-26-13 02:38:01 AM,%RH,100.793
07-26-13 03:38:01 AM,%RH,101.152
07-26-13 04:38:01 AM,%RH,101.033
07-26-13 05:38:01 AM,%RH,101.63
07-26-13 06:38:01 AM,%RH,100.793
07-26-13 07:38:01 AM,%RH,100.913
07-26-13 08:38:01 AM,%RH,92.038
07-26-13 09:38:01 AM,%RH,71.827
07-26-13 10:38:01 AM,%RH,65.676
07-26-13 11:38:01 AM,%RH,58.451
07-26-13 12:38:01 PM,%RH,56.043
07-26-13 01:38:01 PM,%RH,42.202
07-26-13 02:38:01 PM,%RH,45.22
07-26-13 03:38:01 PM,%RH,46.166
07-26-13 04:38:01 PM,%RH,61.132
07-26-13 05:38:01 PM,%RH,75.184
07-26-13 06:38:01 PM,%RH,87.547
07-26-13 07:38:01 PM,%RH,89.357
07-26-13 08:38:01 PM,%RH,95.051
07-26-13 09:38:01 PM,%RH,96.043
07-26-13 10:38:01 PM,%RH,99.951
07-26-13 11:38:01 PM,%RH,99.83
07-27-13 12:38:01 AM,%RH,100.312
07-27-13 01:38:01 AM,%RH,100.793
07-27-13 02:38:01 AM,%RH,101.749
07-27-13 03:38:01 AM,%RH,100.553
07-27-13 04:38:01 AM,%RH,101.391
07-27-13 05:38:01 AM,%RH,100.673
07-27-13 06:38:01 AM,%RH,100.793
07-27-13 07:38:01 AM,%RH,96.043
07-27-13 08:38:01 AM,%RH,82.938
07-27-13 09:38:01 AM,%RH,64.949
07-27-13 10:38:01 AM,%RH,57.851
07-27-13 11:38:01 AM,%RH,58.751
07-27-13 12:38:01 PM,%RH,53.916
07-27-13 01:38:01 PM,%RH,49.916
07-27-13 02:38:01 PM,%RH,49.76
07-27-13 03:38:01 PM,%RH,52.998
07-27-13 04:38:01 PM,%RH,61.723
07-27-13 05:38:01 PM,%RH,81.197
07-27-13 06:38:01 PM,%RH,90.384
07-27-13 07:38:01 PM,%RH,91.785
07-27-13 08:38:01 PM,%RH,94.678
07-27-13 09:38:01 PM,%RH,96.29
07-27-13 10:38:01 PM,%RH,98.375
07-27-13 11:38:01 PM,%RH,100.312
07-28-13 12:38:01 AM,%RH,100.793
07-28-13 01:38:01 AM,%RH,100.553
07-28-13 02:38:01 AM,%RH,100.913
07-28-13 03:38:01 AM,%RH,100.553
07-28-13 04:38:01 AM,%RH,101.152
07-28-13 05:38:01 AM,%RH,100.673
07-28-13 06:38:01 AM,%RH,101.63
07-28-13 07:38:01 AM,%RH,94.678
07-28-13 08:38:01 AM,%RH,84.399
07-28-13 09:38:01 AM,%RH,68.988
07-28-13 10:38:01 AM,%RH,69.559
07-28-13 11:38:01 AM,%RH,54.982
07-28-13 12:38:01 PM,%RH,55.437
07-28-13 01:38:01 PM,%RH,54.982
07-28-13 02:38:01 PM,%RH,49.139
07-28-13 03:38:01 PM,%RH,50.535
07-28-13 04:38:01 PM,%RH,57.25
07-28-13 05:38:01 PM,%RH,80.658
07-28-13 06:38:01 PM,%RH,90.256
07-28-13 07:38:01 PM,%RH,95.548
07-28-13 08:38:01 PM,%RH,94.553
07-28-13 09:38:01 PM,%RH,93.3
07-28-13 10:38:01 PM,%RH,97.275
07-28-13 11:38:01 PM,%RH,97.887
07-29-13 12:38:01 AM,%RH,98.983
07-29-13 01:38:01 AM,%RH,99.226
07-29-13 02:38:01 AM,%RH,99.71
07-29-13 03:38:01 AM,%RH,99.83
07-29-13 04:38:01 AM,%RH,100.433
07-29-13 05:38:01 AM,%RH,100.793
07-29-13 06:38:01 AM,%RH,99.105
07-29-13 07:38:01 AM,%RH,87.677
07-29-13 08:38:01 AM,%RH,86.895
07-29-13 09:38:01 AM,%RH,57.401
07-29-13 10:38:01 AM,%RH,60.39
07-29-13 11:38:01 AM,%RH,51.462
07-29-13 12:38:01 PM,%RH,56.043
07-29-13 01:38:01 PM,%RH,56.496
07-29-13 02:38:01 PM,%RH,58.601
07-29-13 03:38:01 PM,%RH,85.717
07-29-13 04:38:01 PM,%RH,93.928
07-29-13 05:38:01 PM,%RH,94.802
07-29-13 06:38:01 PM,%RH,98.131
07-29-13 07:38:01 PM,%RH,99.71
07-29-13 08:38:01 PM,%RH,99.951
07-29-13 09:38:01 PM,%RH,100.192
07-29-13 10:38:01 PM,%RH,101.63
07-29-13 11:38:01 PM,%RH,101.152
07-30-13 12:38:01 AM,%RH,101.391
07-30-13 01:38:01 AM,%RH,101.63
07-30-13 02:38:01 AM,%RH,101.749
07-30-13 03:38:01 AM,%RH,101.033
07-30-13 04:38:01 AM,%RH,101.391
07-30-13 05:38:01 AM,%RH,102.225
07-30-13 06:38:01 AM,%RH,92.671
07-30-13 07:38:01 AM,%RH,89.229
07-30-13 08:38:01 AM,%RH,68.272
07-30-13 09:38:01 AM,%RH,63.781
07-30-13 10:38:01 AM,%RH,60.983
07-30-13 11:38:01 AM,%RH,60.835
07-30-13 12:38:01 PM,%RH,63.048
07-30-13 01:38:01 PM,%RH,56.949
07-30-13 02:38:01 PM,%RH,53.151
07-30-13 03:38:01 PM,%RH,62.018
07-30-13 04:38:01 PM,%RH,65.24
07-30-13 05:38:01 PM,%RH,79.711
07-30-13 06:38:01 PM,%RH,90.256
07-30-13 07:38:01 PM,%RH,87.417
07-30-13 08:38:01 PM,%RH,93.426
07-30-13 09:38:01 PM,%RH,97.765
07-30-13 10:38:01 PM,%RH,100.312
07-30-13 11:38:01 PM,%RH,100.433
07-31-13 12:38:01 AM,%RH,100.312
07-31-13 01:38:01 AM,%RH,99.347
07-31-13 02:38:01 AM,%RH,99.71
07-31-13 03:38:01 AM,%RH,98.983
07-31-13 04:38:01 AM,%RH,99.71
07-31-13 05:38:01 AM,%RH,98.983
07-31-13 06:38:01 AM,%RH,96.66
07-31-13 07:38:01 AM,%RH,86.242
07-31-13 08:38:01 AM,%RH,73.513
07-31-13 09:38:01 AM,%RH,76.429
07-31-13 10:38:01 AM,%RH,67.841
07-31-13 11:38:01 AM,%RH,66.11
07-31-13 12:38:01 PM,%RH,51.153
07-31-13 01:38:01 PM,%RH,54.221
07-31-13 02:38:01 PM,%RH,50.071
07-31-13 03:38:01 PM,%RH,54.83
07-31-13 04:38:01 PM,%RH,50.535
07-31-13 05:38:01 PM,%RH,79.032
07-31-13 06:38:01 PM,%RH,86.242
07-31-13 07:38:01 PM,%RH,87.806
07-31-13 08:38:01 PM,%RH,91.277
07-31-13 09:38:01 PM,%RH,96.29
07-31-13 10:38:01 PM,%RH,100.793
07-31-13 11:38:01 PM,%RH,100.553
08-01-13 12:38:01 AM,%RH,99.347
08-01-13 01:38:01 AM,%RH,100.793
08-01-13 02:38:01 AM,%RH,100.553
08-01-13 03:38:01 AM,%RH,100.913
08-01-13 04:38:01 AM,%RH,101.152
08-01-13 05:38:01 AM,%RH,101.272
08-01-13 06:38:01 AM,%RH,101.272
08-01-13 07:38:01 AM,%RH,76.843
08-01-13 08:38:01 AM,%RH,71.262
08-01-13 09:38:01 AM,%RH,66.4
08-01-13 10:38:01 AM,%RH,59.348
08-01-13 11:38:01 AM,%RH,55.437
08-01-13 12:38:01 PM,%RH,57.25
08-01-13 01:38:01 PM,%RH,49.45
08-01-13 02:38:01 PM,%RH,55.437
08-01-13 03:38:01 PM,%RH,45.062
08-01-13 04:38:01 PM,%RH,52.845
08-01-13 05:38:01 PM,%RH,72.952
08-01-13 06:38:01 PM,%RH,87.677
08-01-13 07:38:01 PM,%RH,93.049
08-01-13 08:38:01 PM,%RH,98.74
08-01-13 09:38:01 PM,%RH,96.907
08-01-13 10:38:01 PM,%RH,97.398
08-01-13 11:38:01 PM,%RH,95.672
08-02-13 12:38:01 AM,%RH,98.009
08-02-13 01:38:01 AM,%RH,99.71
08-02-13 02:38:01 AM,%RH,100.673
08-02-13 03:38:01 AM,%RH,101.511
08-02-13 04:38:01 AM,%RH,100.433
08-02-13 05:38:01 AM,%RH,101.152
08-02-13 06:38:01 AM,%RH,90.384
08-02-13 07:38:01 AM,%RH,76.843
08-02-13 08:38:01 AM,%RH,79.847
08-02-13 09:38:01 AM,%RH,66.978
08-02-13 10:38:01 AM,%RH,58.9
08-02-13 11:38:01 AM,%RH,55.892
08-02-13 12:38:01 PM,%RH,49.916
08-02-13 01:38:01 PM,%RH,36.227
08-02-13 02:38:01 PM,%RH,38.827
08-02-13 03:38:01 PM,%RH,41.242
08-02-13 04:38:01 PM,%RH,53.151
08-02-13 05:38:01 PM,%RH,70.412
08-02-13 06:38:01 PM,%RH,83.604
08-02-13 07:38:01 PM,%RH,94.178
08-02-13 08:38:01 PM,%RH,94.303
08-02-13 09:38:01 PM,%RH,93.426
08-02-13 10:38:01 PM,%RH,95.424
08-02-13 11:38:01 PM,%RH,98.131
08-03-13 12:38:01 AM,%RH,99.347
08-03-13 01:38:01 AM,%RH,100.673
08-03-13 02:38:01 AM,%RH,101.033
08-03-13 03:38:01 AM,%RH,101.152
08-03-13 04:38:01 AM,%RH,99.71
08-03-13 05:38:01 AM,%RH,101.272
08-03-13 06:38:01 AM,%RH,102.581
08-03-13 07:38:01 AM,%RH,95.424
08-03-13 08:38:01 AM,%RH,87.547
08-03-13 09:38:01 AM,%RH,85.717
08-03-13 10:38:01 AM,%RH,82.672
08-03-13 11:38:01 AM,%RH,84.002
08-03-13 12:38:01 PM,%RH,84.002
08-03-13 01:38:01 PM,%RH,84.928
08-03-13 02:38:01 PM,%RH,72.109
08-03-13 03:38:01 PM,%RH,76.429
08-03-13 04:38:01 PM,%RH,76.705
08-03-13 05:38:01 PM,%RH,83.205
08-03-13 06:38:01 PM,%RH,92.923
08-03-13 07:38:01 PM,%RH,92.165
08-03-13 08:38:01 PM,%RH,92.544
08-03-13 09:38:01 PM,%RH,95.176
08-03-13 10:38:01 PM,%RH,96.537
08-03-13 11:38:01 PM,%RH,98.375
08-04-13 12:38:01 AM,%RH,99.71
08-04-13 01:38:01 AM,%RH,98.253
08-04-13 02:38:01 AM,%RH,99.226
08-04-13 03:38:01 AM,%RH,98.375
08-04-13 04:38:01 AM,%RH,99.226
08-04-13 05:38:01 AM,%RH,100.553
08-04-13 06:38:01 AM,%RH,93.677
08-04-13 07:38:01 AM,%RH,86.895
08-04-13 08:38:01 AM,%RH,78.76
08-04-13 09:38:01 AM,%RH,80.793
08-04-13 10:38:01 AM,%RH,61.575
08-04-13 11:38:01 AM,%RH,62.313
08-04-13 12:38:01 PM,%RH,56.194
08-04-13 01:38:01 PM,%RH,50.38
08-04-13 02:38:01 PM,%RH,46.795
08-04-13 03:38:01 PM,%RH,58.301
08-04-13 04:38:01 PM,%RH,64.949
08-04-13 05:38:01 PM,%RH,99.71
08-04-13 06:38:01 PM,%RH,97.398
08-04-13 07:38:01 PM,%RH,100.913
08-04-13 08:38:01 PM,%RH,100.673
08-04-13 09:38:01 PM,%RH,101.272
08-04-13 10:38:01 PM,%RH,101.391
08-04-13 11:38:01 PM,%RH,100.553
08-05-13 12:38:01 AM,%RH,101.511
08-05-13 01:38:01 AM,%RH,101.63
08-05-13 02:38:01 AM,%RH,100.433
08-05-13 03:38:01 AM,%RH,101.391
08-05-13 04:38:01 AM,%RH,101.987
08-05-13 05:38:01 AM,%RH,101.391
08-05-13 06:38:01 AM,%RH,101.63
08-05-13 07:38:01 AM,%RH,99.105
08-05-13 08:38:01 AM,%RH,89.486
08-05-13 09:38:01 AM,%RH,82.672
08-05-13 10:38:01 AM,%RH,77.666
08-05-13 11:38:01 AM,%RH,65.385
08-05-13 12:38:01 PM,%RH,59.795
08-05-13 01:38:01 PM,%RH,50.535
08-05-13 02:38:01 PM,%RH,61.871
08-05-13 03:38:01 PM,%RH,44.746
08-05-13 04:38:01 PM,%RH,46.952
08-05-13 05:38:01 PM,%RH,74.211
08-05-13 06:38:01 PM,%RH,82.538
08-05-13 07:38:01 PM,%RH,87.677
08-05-13 08:38:01 PM,%RH,94.053
08-05-13 09:38:01 PM,%RH,98.253
08-05-13 10:38:01 PM,%RH,99.468
08-05-13 11:38:01 PM,%RH,99.347
08-06-13 12:38:01 AM,%RH,100.312
08-06-13 01:38:01 AM,%RH,99.83
08-06-13 02:38:01 AM,%RH,100.793
08-06-13 03:38:01 AM,%RH,100.553
08-06-13 04:38:01 AM,%RH,100.673
08-06-13 05:38:01 AM,%RH,100.913
08-06-13 06:38:01 AM,%RH,101.152
08-06-13 07:38:01 AM,%RH,94.053
08-06-13 08:38:01 AM,%RH,80.793
08-06-13 09:38:01 AM,%RH,65.676
08-06-13 10:38:01 AM,%RH,56.949
08-06-13 11:38:01 AM,%RH,54.221
08-06-13 12:38:01 PM,%RH,53.457
08-06-13 01:38:01 PM,%RH,51.462
08-06-13 02:38:01 PM,%RH,47.109
08-06-13 03:38:01 PM,%RH,48.672
08-06-13 04:38:01 PM,%RH,53.304
08-06-13 05:38:01 PM,%RH,72.672
08-06-13 06:38:01 PM,%RH,88.713
08-06-13 07:38:01 PM,%RH,90.384
08-06-13 08:38:01 PM,%RH,72.672
08-06-13 09:38:01 PM,%RH,94.428
08-06-13 10:38:01 PM,%RH,95.92
08-06-13 11:38:01 PM,%RH,98.862
08-07-13 12:38:01 AM,%RH,99.468
08-07-13 01:38:01 AM,%RH,98.009
08-07-13 02:38:01 AM,%RH,97.275
08-07-13 03:38:01 AM,%RH,100.312
08-07-13 04:38:01 AM,%RH,99.83
08-07-13 05:38:01 AM,%RH,99.71
08-07-13 06:38:01 AM,%RH,98.983
08-07-13 07:38:01 AM,%RH,91.404
08-07-13 08:38:01 AM,%RH,69.416
08-07-13 09:38:01 AM,%RH,58.002
08-07-13 10:38:01 AM,%RH,66.689
08-07-13 11:38:01 AM,%RH,62.607
08-07-13 12:38:01 PM,%RH,58.601
08-07-13 01:38:01 PM,%RH,45.694
08-07-13 02:38:01 PM,%RH,47.892
08-07-13 03:38:01 PM,%RH,43.159
08-07-13 04:38:01 PM,%RH,48.672
08-07-13 05:38:01 PM,%RH,70.696
08-07-13 06:38:01 PM,%RH,81.466
08-07-13 07:38:01 PM,%RH,88.842
08-07-13 08:38:01 PM,%RH,92.797
08-07-13 09:38:01 PM,%RH,95.176
08-07-13 10:38:01 PM,%RH,95.3
08-07-13 11:38:01 PM,%RH,96.537
08-08-13 12:38:01 AM,%RH,99.951
08-08-13 01:38:01 AM,%RH,99.951
08-08-13 02:38:01 AM,%RH,102.225
08-08-13 03:38:01 AM,%RH,100.913
08-08-13 04:38:01 AM,%RH,100.673
08-08-13 05:38:01 AM,%RH,100.553
08-08-13 06:38:01 AM,%RH,99.83
08-08-13 07:38:01 AM,%RH,81.6
08-08-13 08:38:01 AM,%RH,72.672
08-08-13 09:38:01 AM,%RH,59.199
08-08-13 10:38:01 AM,%RH,56.194
08-08-13 11:38:01 AM,%RH,57.701
08-08-13 12:38:01 PM,%RH,48.204
08-08-13 01:38:01 PM,%RH,42.841
08-08-13 02:38:01 PM,%RH,43.159
08-08-13 03:38:01 PM,%RH,40.44
08-08-13 04:38:01 PM,%RH,44.588
08-08-13 05:38:01 PM,%RH,70.838
08-08-13 06:38:01 PM,%RH,80.118
08-08-13 07:38:01 PM,%RH,86.111
08-08-13 08:38:01 PM,%RH,92.544
08-08-13 09:38:01 PM,%RH,92.165
08-08-13 10:38:01 PM,%RH,96.537
08-08-13 11:38:01 PM,%RH,97.275
08-09-13 12:38:01 AM,%RH,97.643
08-09-13 01:38:01 AM,%RH,98.131
08-09-13 02:38:01 AM,%RH,99.105
08-09-13 03:38:01 AM,%RH,100.192
08-09-13 04:38:01 AM,%RH,99.468
08-09-13 05:38:01 AM,%RH,99.71
08-09-13 06:38:01 AM,%RH,97.029
08-09-13 07:38:01 AM,%RH,77.255
08-09-13 08:38:01 AM,%RH,66.978
08-09-13 09:38:01 AM,%RH,59.348
08-09-13 10:38:01 AM,%RH,50.535
08-09-13 11:38:01 AM,%RH,41.403
08-09-13 12:38:01 PM,%RH,41.883
08-09-13 01:38:01 PM,%RH,41.723
08-09-13 02:38:01 PM,%RH,44.43
08-09-13 03:38:01 PM,%RH,56.496
08-09-13 04:38:01 PM,%RH,64.657
08-09-13 05:38:01 PM,%RH,70.128
08-09-13 06:38:01 PM,%RH,83.737
08-09-13 07:38:01 PM,%RH,93.426
08-09-13 08:38:01 PM,%RH,94.927
08-09-13 09:38:01 PM,%RH,98.131
08-09-13 10:38:01 PM,%RH,98.131
08-09-13 11:38:01 PM,%RH,99.105
08-10-13 12:38:01 AM,%RH,99.105
08-10-13 01:38:01 AM,%RH,99.83
08-10-13 02:38:01 AM,%RH,99.951
08-10-13 03:38:01 AM,%RH,99.83
08-10-13 04:38:01 AM,%RH,99.226
08-10-13 05:38:01 AM,%RH,100.913
08-10-13 06:38:01 AM,%RH,101.63
08-10-13 07:38:01 AM,%RH,97.643
08-10-13 08:38:01 AM,%RH,82.805
08-10-13 09:38:01 AM,%RH,64.949
08-10-13 10:38:01 AM,%RH,66.833
08-10-13 11:38:01 AM,%RH,50.844
08-10-13 12:38:01 PM,%RH,55.74
08-10-13 01:38:01 PM,%RH,48.204
08-10-13 02:38:01 PM,%RH,51.308
08-10-13 03:38:01 PM,%RH,43.795
08-10-13 04:38:01 PM,%RH,46.481
08-10-13 05:38:01 PM,%RH,68.988
08-10-13 06:38:01 PM,%RH,81.869
08-10-13 07:38:01 PM,%RH,84.134
08-10-13 08:38:01 PM,%RH,90.767
08-10-13 09:38:01 PM,%RH,94.053
08-10-13 10:38:01 PM,%RH,90.128
08-10-13 11:38:01 PM,%RH,91.149
08-11-13 12:38:01 AM,%RH,94.678
08-11-13 01:38:01 AM,%RH,95.176
08-11-13 02:38:01 AM,%RH,96.414
08-11-13 03:38:01 AM,%RH,97.275
08-11-13 04:38:01 AM,%RH,97.398
08-11-13 05:38:01 AM,%RH,99.468
08-11-13 06:38:01 AM,%RH,99.589
08-11-13 07:38:01 AM,%RH,99.105
08-11-13 08:38:01 AM,%RH,94.927
08-11-13 09:38:01 AM,%RH,85.717
08-11-13 10:38:01 AM,%RH,75.046
08-11-13 11:38:01 AM,%RH,72.25
08-11-13 12:38:01 PM,%RH,54.83
08-11-13 01:38:01 PM,%RH,46.324
08-11-13 02:38:01 PM,%RH,56.647
08-11-13 03:38:01 PM,%RH,88.713
08-11-13 04:38:01 PM,%RH,80.388
08-11-13 05:38:01 PM,%RH,93.677
08-11-13 06:38:01 PM,%RH,94.178
08-11-13 07:38:01 PM,%RH,98.375
08-11-13 08:38:01 PM,%RH,97.398
08-11-13 09:38:01 PM,%RH,97.275
08-11-13 10:38:01 PM,%RH,100.072
08-11-13 11:38:01 PM,%RH,99.71
08-12-13 12:38:01 AM,%RH,100.312
08-12-13 01:38:01 AM,%RH,100.192
08-12-13 02:38:01 AM,%RH,100.673
08-12-13 03:38:01 AM,%RH,100.072
08-12-13 04:38:01 AM,%RH,100.553
08-12-13 05:38:01 AM,%RH,100.433
08-12-13 06:38:01 AM,%RH,100.673
08-12-13 07:38:01 AM,%RH,99.951
08-12-13 08:38:01 AM,%RH,86.504
08-12-13 09:38:01 AM,%RH,79.576
08-12-13 10:38:01 AM,%RH,88.066
08-12-13 11:38:01 AM,%RH,74.49
08-12-13 12:38:01 PM,%RH,60.687
08-12-13 01:38:01 PM,%RH,77.255
08-12-13 02:38:01 PM,%RH,92.418
08-12-13 03:38:01 PM,%RH,96.907
08-12-13 04:38:01 PM,%RH,98.253
08-12-13 05:38:01 PM,%RH,98.619
08-12-13 06:38:01 PM,%RH,99.226
08-12-13 07:38:01 PM,%RH,98.983
08-12-13 08:38:01 PM,%RH,99.83
08-12-13 09:38:01 PM,%RH,101.152
08-12-13 10:38:01 PM,%RH,100.433
08-12-13 11:38:01 PM,%RH,100.312
08-13-13 12:38:01 AM,%RH,100.553
08-13-13 01:38:01 AM,%RH,100.673
08-13-13 02:38:01 AM,%RH,100.673
08-13-13 03:38:01 AM,%RH,100.793
08-13-13 04:38:01 AM,%RH,100.913
08-13-13 05:38:01 AM,%RH,101.63
08-13-13 06:38:01 AM,%RH,100.793
08-13-13 07:38:01 AM,%RH,97.275
08-13-13 08:38:01 AM,%RH,97.398
08-13-13 09:38:01 AM,%RH,86.504
08-13-13 10:38:01 AM,%RH,81.332
08-13-13 11:38:01 AM,%RH,71.827
08-13-13 12:38:01 PM,%RH,52.385
08-13-13 01:38:01 PM,%RH,69.986
08-13-13 02:38:01 PM,%RH,67.554
08-13-13 03:38:01 PM,%RH,71.545
08-13-13 04:38:01 PM,%RH,77.118
08-13-13 05:38:01 PM,%RH,86.373
08-13-13 06:38:01 PM,%RH,86.111
08-13-13 07:38:01 PM,%RH,87.156
08-13-13 08:38:01 PM,%RH,96.167
08-13-13 09:38:01 PM,%RH,97.52
08-13-13 10:38:01 PM,%RH,97.398
08-13-13 11:38:01 PM,%RH,97.275
08-14-13 12:38:01 AM,%RH,98.497
08-14-13 01:38:01 AM,%RH,98.983
08-14-13 02:38:01 AM,%RH,99.226
08-14-13 03:38:01 AM,%RH,99.468
08-14-13 04:38:01 AM,%RH,100.673
08-14-13 05:38:01 AM,%RH,100.673
08-14-13 06:38:01 AM,%RH,98.619
08-14-13 07:38:01 AM,%RH,85.98
08-14-13 08:38:01 AM,%RH,89.229
08-14-13 09:38:01 AM,%RH,79.576
08-14-13 10:38:01 AM,%RH,78.077
08-14-13 11:38:01 AM,%RH,62.46
08-14-13 12:38:01 PM,%RH,64.074
08-14-13 01:38:01 PM,%RH,56.194
08-14-13 02:38:01 PM,%RH,66.11
08-14-13 03:38:01 PM,%RH,62.901
08-14-13 04:38:01 PM,%RH,62.754
08-14-13 05:38:01 PM,%RH,82.805
08-14-13 06:38:01 PM,%RH,85.059
08-14-13 07:38:01 PM,%RH,91.785
08-14-13 08:38:01 PM,%RH,94.178
08-14-13 09:38:01 PM,%RH,95.3
08-14-13 10:38:01 PM,%RH,95.92
08-14-13 11:38:01 PM,%RH,94.927
08-15-13 12:38:01 AM,%RH,96.29
08-15-13 01:38:01 AM,%RH,97.887
08-15-13 02:38:01 AM,%RH,98.131
08-15-13 03:38:01 AM,%RH,98.375
08-15-13 04:38:01 AM,%RH,98.009
08-15-13 05:38:01 AM,%RH,99.71
08-15-13 06:38:01 AM,%RH,99.468
08-15-13 07:38:01 AM,%RH,97.152
08-15-13 08:38:01 AM,%RH,86.111
08-15-13 09:38:01 AM,%RH,74.907
08-15-13 10:38:01 AM,%RH,72.812
08-15-13 11:38:01 AM,%RH,71.262
08-15-13 12:38:01 PM,%RH,83.205
08-15-13 01:38:01 PM,%RH,75.462
08-15-13 02:38:01 PM,%RH,65.385
08-15-13 03:38:01 PM,%RH,71.262
08-15-13 04:38:01 PM,%RH,75.462
08-15-13 05:38:01 PM,%RH,88.195
08-15-13 06:38:01 PM,%RH,90.895
08-15-13 07:38:01 PM,%RH,92.797
08-15-13 08:38:01 PM,%RH,96.167
08-15-13 09:38:01 PM,%RH,95.548
08-15-13 10:38:01 PM,%RH,95.672
08-15-13 11:38:01 PM,%RH,95.92
08-16-13 12:38:01 AM,%RH,96.537
08-16-13 01:38:01 AM,%RH,99.105
08-16-13 02:38:01 AM,%RH,99.71
08-16-13 03:38:01 AM,%RH,100.312
08-16-13 04:38:01 AM,%RH,100.312
08-16-13 05:38:01 AM,%RH,100.072
08-16-13 06:38:01 AM,%RH,100.913
08-16-13 07:38:01 AM,%RH,78.76
08-16-13 08:38:01 AM,%RH,84.267
08-16-13 09:38:01 AM,%RH,75.6
08-16-13 10:38:01 AM,%RH,70.696
08-16-13 11:38:01 AM,%RH,50.38
08-16-13 12:38:01 PM,%RH,51.924
08-16-13 01:38:01 PM,%RH,49.916
08-16-13 02:38:01 PM,%RH,46.009
08-16-13 03:38:01 PM,%RH,51.462
08-16-13 04:38:01 PM,%RH,56.345
08-16-13 05:38:01 PM,%RH,69.986
08-16-13 06:38:01 PM,%RH,96.043
08-16-13 07:38:01 PM,%RH,98.983
08-16-13 08:38:01 PM,%RH,99.347
08-16-13 09:38:01 PM,%RH,100.072
08-16-13 10:38:01 PM,%RH,100.312
08-16-13 11:38:01 PM,%RH,100.192
08-17-13 12:38:01 AM,%RH,100.072
08-17-13 01:38:01 AM,%RH,99.951
08-17-13 02:38:01 AM,%RH,101.033
08-17-13 03:38:01 AM,%RH,101.033
08-17-13 04:38:01 AM,%RH,101.391
08-17-13 05:38:01 AM,%RH,101.749
08-17-13 06:38:01 AM,%RH,98.497
08-17-13 07:38:01 AM,%RH,86.765
08-17-13 08:38:01 AM,%RH,74.907
08-17-13 09:38:01 AM,%RH,70.27
08-17-13 10:38:01 AM,%RH,66.833
08-17-13 11:38:01 AM,%RH,55.892
08-17-13 12:38:01 PM,%RH,53.61
08-17-13 01:38:01 PM,%RH,36.39
08-17-13 02:38:01 PM,%RH,39.312
08-17-13 03:38:01 PM,%RH,45.378
08-17-13 04:38:01 PM,%RH,43
08-17-13 05:38:01 PM,%RH,67.554
08-17-13 06:38:01 PM,%RH,84.664
08-17-13 07:38:01 PM,%RH,83.471
08-17-13 08:38:01 PM,%RH,93.803
08-17-13 09:38:01 PM,%RH,97.887
08-17-13 10:38:01 PM,%RH,96.784
08-17-13 11:38:01 PM,%RH,98.253
08-18-13 12:38:01 AM,%RH,98.983
08-18-13 01:38:01 AM,%RH,98.375
08-18-13 02:38:01 AM,%RH,99.226
08-18-13 03:38:01 AM,%RH,99.951
08-18-13 04:38:01 AM,%RH,99.951
08-18-13 05:38:01 AM,%RH,99.589
08-18-13 06:38:01 AM,%RH,93.426
08-18-13 07:38:01 AM,%RH,84.531
08-18-13 08:38:01 AM,%RH,70.979
08-18-13 09:38:01 AM,%RH,56.949
08-18-13 10:38:01 AM,%RH,48.36
08-18-13 11:38:01 AM,%RH,42.841
08-18-13 12:38:01 PM,%RH,45.22
08-18-13 01:38:01 PM,%RH,43.636
08-18-13 02:38:01 PM,%RH,47.735
08-18-13 03:38:01 PM,%RH,61.428
08-18-13 04:38:01 PM,%RH,61.575
08-18-13 05:38:01 PM,%RH,74.907
08-18-13 06:38:01 PM,%RH,84.796
08-18-13 07:38:01 PM,%RH,86.242
08-18-13 08:38:01 PM,%RH,86.895
08-18-13 09:38:01 PM,%RH,91.404
08-18-13 10:38:01 PM,%RH,90.384
08-18-13 11:38:01 PM,%RH,88.842
08-19-13 12:38:01 AM,%RH,89.743
08-19-13 01:38:01 AM,%RH,93.3
08-19-13 02:38:01 AM,%RH,93.803
08-19-13 03:38:01 AM,%RH,94.802
08-19-13 04:38:01 AM,%RH,95.3
08-19-13 05:38:01 AM,%RH,96.167
08-19-13 06:38:01 AM,%RH,95.424
08-19-13 07:38:01 AM,%RH,87.417
08-19-13 08:38:01 AM,%RH,74.35
08-19-13 09:38:01 AM,%RH,71.262
08-19-13 10:38:01 AM,%RH,50.226
08-19-13 11:38:01 AM,%RH,47.422
08-19-13 12:38:01 PM,%RH,44.746
08-19-13 01:38:01 PM,%RH,40.761
08-19-13 02:38:01 PM,%RH,51.462
08-19-13 03:38:01 PM,%RH,61.132
08-19-13 04:38:01 PM,%RH,63.781
08-19-13 05:38:01 PM,%RH,77.94
08-19-13 06:38:01 PM,%RH,88.325
08-19-13 07:38:01 PM,%RH,88.584
08-19-13 08:38:01 PM,%RH,88.842
08-19-13 09:38:01 PM,%RH,90.256
08-19-13 10:38:01 PM,%RH,94.178
08-19-13 11:38:01 PM,%RH,94.303
08-20-13 12:38:01 AM,%RH,95.176
08-20-13 01:38:01 AM,%RH,94.428
08-20-13 02:38:01 AM,%RH,97.643
08-20-13 03:38:01 AM,%RH,98.862
08-20-13 04:38:01 AM,%RH,96.66
08-20-13 05:38:01 AM,%RH,99.589
08-20-13 06:38:01 AM,%RH,92.292
08-20-13 07:38:01 AM,%RH,82.137
08-20-13 08:38:01 AM,%RH,67.698
08-20-13 09:38:01 AM,%RH,67.41
08-20-13 10:38:01 AM,%RH,48.983
08-20-13 11:38:01 AM,%RH,43.159
08-20-13 12:38:01 PM,%RH,43.954
08-20-13 01:38:01 PM,%RH,48.672
08-20-13 02:38:01 PM,%RH,52.998
08-20-13 03:38:01 PM,%RH,44.588
08-20-13 04:38:01 PM,%RH,52.231
08-20-13 05:38:01 PM,%RH,71.404
08-20-13 06:38:01 PM,%RH,82.271
08-20-13 07:38:01 PM,%RH,85.323
08-20-13 08:38:01 PM,%RH,96.29
08-20-13 09:38:01 PM,%RH,97.275
08-20-13 10:38:01 PM,%RH,99.105
08-20-13 11:38:01 PM,%RH,98.497
08-21-13 12:38:01 AM,%RH,99.226
08-21-13 01:38:01 AM,%RH,99.468
08-21-13 02:38:01 AM,%RH,99.347
08-21-13 03:38:01 AM,%RH,98.253
08-21-13 04:38:01 AM,%RH,99.347
08-21-13 05:38:01 AM,%RH,98.862
08-21-13 06:38:01 AM,%RH,98.131
08-21-13 07:38:01 AM,%RH,91.404
08-21-13 08:38:01 AM,%RH,87.156
08-21-13 09:38:01 AM,%RH,85.586
08-21-13 10:38:01 AM,%RH,74.629
08-21-13 11:38:01 AM,%RH,57.25
08-21-13 12:38:01 PM,%RH,57.551
08-21-13 01:38:01 PM,%RH,58.451
08-21-13 02:38:01 PM,%RH,54.373
08-21-13 03:38:01 PM,%RH,81.6
08-21-13 04:38:01 PM,%RH,95.424
08-21-13 05:38:01 PM,%RH,97.152
08-21-13 06:38:01 PM,%RH,98.497
08-21-13 07:38:01 PM,%RH,98.74
08-21-13 08:38:01 PM,%RH,97.643
08-21-13 09:38:01 PM,%RH,99.226
08-21-13 10:38:01 PM,%RH,99.226
08-21-13 11:38:01 PM,%RH,98.983
08-22-13 12:38:01 AM,%RH,99.83
08-22-13 01:38:01 AM,%RH,99.589
08-22-13 02:38:01 AM,%RH,100.192
08-22-13 03:38:01 AM,%RH,99.83
08-22-13 04:38:01 AM,%RH,100.913
08-22-13 05:38:01 AM,%RH,100.913
08-22-13 06:38:01 AM,%RH,100.312
08-22-13 07:38:01 AM,%RH,99.468
08-22-13 08:38:01 AM,%RH,95.796
08-22-13 09:38:01 AM,%RH,89.486
08-22-13 10:38:01 AM,%RH,86.242
08-22-13 11:38:01 AM,%RH,83.072
08-22-13 12:38:01 PM,%RH,61.132
08-22-13 01:38:01 PM,%RH,71.262
08-22-13 02:38:01 PM,%RH,69.274
08-22-13 03:38:01 PM,%RH,53.763
08-22-13 04:38:01 PM,%RH,72.672
08-22-13 05:38:01 PM,%RH,85.059
08-22-13 06:38:01 PM,%RH,97.398
08-22-13 07:38:01 PM,%RH,98.619
08-22-13 08:38:01 PM,%RH,99.71
08-22-13 09:38:01 PM,%RH,99.71
08-22-13 10:38:01 PM,%RH,100.192
08-22-13 11:38:01 PM,%RH,99.83
08-23-13 12:38:01 AM,%RH,100.793
08-23-13 01:38:01 AM,%RH,101.272
08-23-13 02:38:01 AM,%RH,100.673
08-23-13 03:38:01 AM,%RH,100.433
08-23-13 04:38:01 AM,%RH,101.033
08-23-13 05:38:01 AM,%RH,101.63
08-23-13 06:38:01 AM,%RH,100.312
08-23-13 07:38:01 AM,%RH,100.072
08-23-13 08:38:01 AM,%RH,95.424
08-23-13 09:38:01 AM,%RH,88.454
08-23-13 10:38:01 AM,%RH,84.399
08-23-13 11:38:01 AM,%RH,84.796
08-23-13 12:38:01 PM,%RH,67.122
08-23-13 01:38:01 PM,%RH,68.845
08-23-13 02:38:01 PM,%RH,98.862
08-23-13 03:38:01 PM,%RH,100.072
08-23-13 04:38:01 PM,%RH,99.468
08-23-13 05:38:01 PM,%RH,99.226
08-23-13 06:38:01 PM,%RH,100.433
08-23-13 07:38:01 PM,%RH,99.347
08-23-13 08:38:01 PM,%RH,100.312
08-23-13 09:38:01 PM,%RH,101.987
08-23-13 10:38:01 PM,%RH,102.225
08-23-13 11:38:01 PM,%RH,101.511
08-24-13 12:38:01 AM,%RH,101.511
08-24-13 01:38:01 AM,%RH,101.033
08-24-13 02:38:01 AM,%RH,101.749
08-24-13 03:38:01 AM,%RH,101.272
08-24-13 04:38:01 AM,%RH,102.106
08-24-13 05:38:01 AM,%RH,103.054
08-24-13 06:38:01 AM,%RH,101.511
08-24-13 07:38:01 AM,%RH,93.803
08-24-13 08:38:01 AM,%RH,89.999
08-24-13 09:38:01 AM,%RH,78.487
08-24-13 10:38:01 AM,%RH,85.849
08-24-13 11:38:01 AM,%RH,70.412
08-24-13 12:38:01 PM,%RH,53.304
08-24-13 01:38:01 PM,%RH,52.077
08-24-13 02:38:01 PM,%RH,66.978
08-24-13 03:38:01 PM,%RH,96.784
08-24-13 04:38:01 PM,%RH,98.983
08-24-13 05:38:01 PM,%RH,99.105
08-24-13 06:38:01 PM,%RH,98.131
08-24-13 07:38:01 PM,%RH,100.072
08-24-13 08:38:01 PM,%RH,100.433
08-24-13 09:38:01 PM,%RH,100.553
08-24-13 10:38:01 PM,%RH,100.553
08-24-13 11:38:01 PM,%RH,101.272
08-25-13 12:38:01 AM,%RH,101.033
08-25-13 01:38:01 AM,%RH,101.152
08-25-13 02:38:01 AM,%RH,100.312
08-25-13 03:38:01 AM,%RH,100.793
08-25-13 04:38:01 AM,%RH,101.391
08-25-13 05:38:01 AM,%RH,101.391
08-25-13 06:38:01 AM,%RH,101.511
08-25-13 07:38:01 AM,%RH,99.226
08-25-13 08:38:01 AM,%RH,94.553
08-25-13 09:38:01 AM,%RH,85.191
08-25-13 10:38:01 AM,%RH,81.063
08-25-13 11:38:01 AM,%RH,76.843
08-25-13 12:38:01 PM,%RH,70.554
08-25-13 01:38:01 PM,%RH,55.285
08-25-13 02:38:01 PM,%RH,62.313
08-25-13 03:38:01 PM,%RH,51.616
08-25-13 04:38:01 PM,%RH,53.457
08-25-13 05:38:01 PM,%RH,59.795
08-25-13 06:38:01 PM,%RH,65.676
08-25-13 07:38:01 PM,%RH,77.94
08-25-13 08:38:01 PM,%RH,85.98
08-25-13 09:38:01 PM,%RH,95.548
08-25-13 10:38:01 PM,%RH,96.29
08-25-13 11:38:01 PM,%RH,94.678
08-26-13 12:38:01 AM,%RH,96.167
08-26-13 01:38:01 AM,%RH,95.796
08-26-13 02:38:01 AM,%RH,96.167
08-26-13 03:38:01 AM,%RH,99.71
08-26-13 04:38:01 AM,%RH,98.983
08-26-13 05:38:01 AM,%RH,99.347
08-26-13 06:38:01 AM,%RH,96.907
08-26-13 07:38:01 AM,%RH,76.843
08-26-13 08:38:01 AM,%RH,61.28
08-26-13 09:38:01 AM,%RH,54.982
08-26-13 10:38:01 AM,%RH,55.285
08-26-13 11:38:01 AM,%RH,53.763
08-26-13 12:38:01 PM,%RH,66.255
08-26-13 01:38:01 PM,%RH,65.24
08-26-13 02:38:01 PM,%RH,60.539
08-26-13 03:38:01 PM,%RH,60.835
08-26-13 04:38:01 PM,%RH,60.093
08-26-13 05:38:01 PM,%RH,61.132
08-26-13 06:38:01 PM,%RH,63.488
08-26-13 07:38:01 PM,%RH,64.803
08-26-13 08:38:01 PM,%RH,65.821
08-26-13 09:38:01 PM,%RH,67.122
08-26-13 10:38:01 PM,%RH,67.554
08-26-13 11:38:01 PM,%RH,68.988
08-27-13 12:38:01 AM,%RH,69.274
08-27-13 01:38:01 AM,%RH,70.27
08-27-13 02:38:01 AM,%RH,71.262
08-27-13 03:38:01 AM,%RH,71.545
08-27-13 04:38:01 AM,%RH,72.391
08-27-13 05:38:01 AM,%RH,72.109
08-27-13 06:38:01 AM,%RH,72.672
08-27-13 07:38:01 AM,%RH,76.153
08-27-13 08:38:01 AM,%RH,76.291
08-27-13 09:38:01 AM,%RH,77.255
08-27-13 10:38:01 AM,%RH,76.567
08-27-13 11:38:01 AM,%RH,76.705
08-27-13 12:38:01 PM,%RH,76.153
08-27-13 01:38:01 PM,%RH,76.567
08-27-13 02:38:01 PM,%RH,75.6
08-27-13 03:38:01 PM,%RH,75.046
08-27-13 04:38:01 PM,%RH,74.211
08-27-13 05:38:01 PM,%RH,73.932
08-27-13 06:38:01 PM,%RH,74.49
08-27-13 07:38:01 PM,%RH,75.739
08-27-13 08:38:01 PM,%RH,75.877
08-27-13 09:38:01 PM,%RH,76.843
08-27-13 10:38:01 PM,%RH,76.705
08-27-13 11:38:01 PM,%RH,77.255
08-28-13 12:38:01 AM,%RH,77.118
08-28-13 01:38:01 AM,%RH,76.98
08-28-13 02:38:01 AM,%RH,77.118
08-28-13 03:38:01 AM,%RH,77.529
08-28-13 04:38:01 AM,%RH,78.077
08-28-13 05:38:01 AM,%RH,78.76
08-28-13 06:38:01 AM,%RH,78.35
08-28-13 07:38:01 AM,%RH,79.168
08-28-13 08:38:01 AM,%RH,79.168
08-28-13 09:38:01 AM,%RH,79.304
08-28-13 10:38:01 AM,%RH,78.487
08-28-13 11:38:01 AM,%RH,79.847
08-28-13 12:38:01 PM,%RH,79.576
08-28-13 01:38:01 PM,%RH,79.44
08-28-13 02:38:01 PM,%RH,76.429
08-28-13 03:38:01 PM,%RH,77.118
08-28-13 04:38:01 PM,%RH,76.98
08-28-13 05:38:01 PM,%RH,76.98
08-28-13 06:38:01 PM,%RH,77.118
08-28-13 07:38:01 PM,%RH,77.666
08-28-13 08:38:01 PM,%RH,77.94
08-28-13 09:38:01 PM,%RH,76.98
08-28-13 10:38:01 PM,%RH,76.98
08-28-13 11:38:01 PM,%RH,77.255
08-29-13 12:38:01 AM,%RH,77.255
08-29-13 01:38:01 AM,%RH,77.255
08-29-13 02:38:01 AM,%RH,77.803
08-29-13 03:38:01 AM,%RH,77.803
08-29-13 04:38:01 AM,%RH,77.666
08-29-13 05:38:01 AM,%RH,78.487
08-29-13 06:38:01 AM,%RH,77.803
08-29-13 07:38:01 AM,%RH,77.94
08-29-13 08:38:01 AM,%RH,78.214
08-29-13 09:38:01 AM,%RH,78.214
08-29-13 10:38:01 AM,%RH,78.623
08-29-13 11:38:01 AM,%RH,78.76
08-29-13 12:38:01 PM,%RH,79.44
08-29-13 01:38:01 PM,%RH,79.576
08-29-13 02:38:01 PM,%RH,79.304
08-29-13 03:38:01 PM,%RH,79.032
08-29-13 04:38:01 PM,%RH,78.35
08-29-13 05:38:01 PM,%RH,77.255
08-29-13 06:38:01 PM,%RH,77.255
08-29-13 07:38:01 PM,%RH,76.98
08-29-13 08:38:01 PM,%RH,76.567
08-29-13 09:38:01 PM,%RH,76.98
08-29-13 10:38:01 PM,%RH,77.118
08-29-13 11:38:01 PM,%RH,76.98
08-30-13 12:38:01 AM,%RH,76.98
08-30-13 01:38:01 AM,%RH,77.118
08-30-13 02:38:01 AM,%RH,76.843
08-30-13 03:38:01 AM,%RH,76.291
08-30-13 04:38:01 AM,%RH,76.567
08-30-13 05:38:01 AM,%RH,76.291
08-30-13 06:38:01 AM,%RH,77.255
08-30-13 07:38:01 AM,%RH,80.793
08-30-13 08:38:01 AM,%RH,77.666
08-30-13 09:38:01 AM,%RH,80.928
08-30-13 10:38:01 AM,%RH,79.304
08-30-13 11:38:01 AM,%RH,71.545
08-30-13 12:38:01 PM,%RH,71.545
08-30-13 01:38:01 PM,%RH,71.404
08-30-13 02:38:01 PM,%RH,74.072
08-30-13 03:38:01 PM,%RH,70.838
08-30-13 04:38:01 PM,%RH,71.262
08-30-13 05:38:01 PM,%RH,70.554
08-30-13 06:38:01 PM,%RH,69.701
08-30-13 07:38:01 PM,%RH,70.128
08-30-13 08:38:01 PM,%RH,70.128
08-30-13 09:38:01 PM,%RH,70.554
08-30-13 10:38:01 PM,%RH,69.274
08-30-13 11:38:01 PM,%RH,70.128
08-31-13 12:38:01 AM,%RH,70.696
08-31-13 01:38:01 AM,%RH,70.412
08-31-13 02:38:01 AM,%RH,70.838
08-31-13 03:38:01 AM,%RH,71.121
08-31-13 04:38:01 AM,%RH,71.545
08-31-13 05:38:01 AM,%RH,71.686
08-31-13 06:38:01 AM,%RH,71.686
08-31-13 07:38:01 AM,%RH,73.233
08-31-13 08:38:01 AM,%RH,74.629
08-31-13 09:38:01 AM,%RH,75.739
08-31-13 10:38:01 AM,%RH,78.077
08-31-13 11:38:01 AM,%RH,77.803
08-31-13 12:38:01 PM,%RH,76.015
08-31-13 01:38:01 PM,%RH,76.015
08-31-13 02:38:01 PM,%RH,74.35
08-31-13 03:38:01 PM,%RH,72.109
08-31-13 04:38:01 PM,%RH,68.702
08-31-13 05:38:01 PM,%RH,68.129
08-31-13 06:38:01 PM,%RH,67.41
08-31-13 07:38:01 PM,%RH,67.698
08-31-13 08:38:01 PM,%RH,67.122
08-31-13 09:38:01 PM,%RH,68.129
08-31-13 10:38:01 PM,%RH,68.415
08-31-13 11:38:01 PM,%RH,67.841
09-01-13 12:38:01 AM,%RH,67.841
09-01-13 01:38:01 AM,%RH,68.559
09-01-13 02:38:01 AM,%RH,69.131
09-01-13 03:38:01 AM,%RH,69.986
09-01-13 04:38:01 AM,%RH,69.844
09-01-13 05:38:01 AM,%RH,69.559
09-01-13 06:38:01 AM,%RH,70.412
09-01-13 07:38:01 AM,%RH,71.968
09-01-13 08:38:01 AM,%RH,74.768
09-01-13 09:38:01 AM,%RH,76.153
09-01-13 10:38:01 AM,%RH,77.255
09-01-13 11:38:01 AM,%RH,76.015
09-01-13 12:38:01 PM,%RH,76.705
09-01-13 01:38:01 PM,%RH,71.262
09-01-13 02:38:01 PM,%RH,70.696
09-01-13 03:38:01 PM,%RH,69.986
09-01-13 04:38:01 PM,%RH,69.701
09-01-13 05:38:01 PM,%RH,70.27
09-01-13 06:38:01 PM,%RH,69.274
09-01-13 07:38:01 PM,%RH,68.988
09-01-13 08:38:01 PM,%RH,69.986
09-01-13 09:38:01 PM,%RH,69.986
09-01-13 10:38:01 PM,%RH,71.404
09-01-13 11:38:01 PM,%RH,70.838
09-02-13 12:38:01 AM,%RH,71.404
09-02-13 01:38:01 AM,%RH,70.979
09-02-13 02:38:01 AM,%RH,71.686
09-02-13 03:38:01 AM,%RH,72.391
09-02-13 04:38:01 AM,%RH,72.952
09-02-13 05:38:01 AM,%RH,72.952
09-02-13 06:38:01 AM,%RH,72.672
09-02-13 07:38:01 AM,%RH,74.49
09-02-13 08:38:01 AM,%RH,75.877
09-02-13 09:38:01 AM,%RH,76.98
09-02-13 10:38:01 AM,%RH,78.623
09-02-13 11:38:01 AM,%RH,76.705
09-02-13 12:38:01 PM,%RH,72.952
09-02-13 01:38:01 PM,%RH,74.35
09-02-13 02:38:01 PM,%RH,67.266
09-02-13 03:38:01 PM,%RH,69.559
09-02-13 04:38:01 PM,%RH,70.979
09-02-13 05:38:01 PM,%RH,71.121
09-02-13 06:38:01 PM,%RH,71.121
09-02-13 07:38:01 PM,%RH,71.404
09-02-13 08:38:01 PM,%RH,70.838
09-02-13 09:38:01 PM,%RH,72.391
09-02-13 10:38:01 PM,%RH,72.672
09-02-13 11:38:01 PM,%RH,72.952
09-03-13 12:38:01 AM,%RH,73.093
09-03-13 01:38:01 AM,%RH,73.373
09-03-13 02:38:01 AM,%RH,74.35
09-03-13 03:38:01 AM,%RH,74.35
09-03-13 04:38:01 AM,%RH,75.184
09-03-13 05:38:01 AM,%RH,74.907
09-03-13 06:38:01 AM,%RH,75.184
09-03-13 07:38:01 AM,%RH,76.567
09-03-13 08:38:01 AM,%RH,75.462
09-03-13 09:38:01 AM,%RH,81.197
09-03-13 10:38:01 AM,%RH,77.666
09-03-13 11:38:01 AM,%RH,79.576
09-03-13 12:38:01 PM,%RH,74.629
09-03-13 01:38:01 PM,%RH,73.373
09-03-13 02:38:01 PM,%RH,73.932
09-03-13 03:38:01 PM,%RH,68.272
09-03-13 04:38:01 PM,%RH,70.412
09-03-13 05:38:01 PM,%RH,71.404
09-03-13 06:38:01 PM,%RH,72.25
09-03-13 07:38:01 PM,%RH,72.391
09-03-13 08:38:01 PM,%RH,72.531
09-03-13 09:38:01 PM,%RH,73.373
09-03-13 10:38:01 PM,%RH,73.373
09-03-13 11:38:01 PM,%RH,74.768
09-04-13 12:38:01 AM,%RH,74.629
09-04-13 01:38:01 AM,%RH,75.184
09-04-13 02:38:01 AM,%RH,75.739
09-04-13 03:38:01 AM,%RH,76.567
09-04-13 04:38:01 AM,%RH,76.843
09-04-13 05:38:01 AM,%RH,76.843
09-04-13 06:38:01 AM,%RH,77.118
09-04-13 07:38:01 AM,%RH,78.623
09-04-13 08:38:01 AM,%RH,80.253
09-04-13 09:38:01 AM,%RH,81.332
09-04-13 10:38:01 AM,%RH,81.063
09-04-13 11:38:01 AM,%RH,78.487
09-04-13 12:38:01 PM,%RH,78.623
09-04-13 01:38:01 PM,%RH,76.567
09-04-13 02:38:01 PM,%RH,69.701
09-04-13 03:38:01 PM,%RH,68.559
09-04-13 04:38:01 PM,%RH,68.272
09-04-13 05:38:01 PM,%RH,70.128
09-04-13 06:38:01 PM,%RH,70.27
09-04-13 07:38:01 PM,%RH,70.696
09-04-13 08:38:01 PM,%RH,71.262
09-04-13 09:38:01 PM,%RH,72.391
09-04-13 10:38:01 PM,%RH,72.531
09-04-13 11:38:01 PM,%RH,72.391
09-05-13 12:38:01 AM,%RH,72.812
09-05-13 01:38:01 AM,%RH,73.233
09-05-13 02:38:01 AM,%RH,73.792
09-05-13 03:38:01 AM,%RH,74.768
09-05-13 04:38:01 AM,%RH,74.907
09-05-13 05:38:01 AM,%RH,75.184
09-05-13 06:38:01 AM,%RH,75.323
09-05-13 07:38:01 AM,%RH,77.94
09-05-13 08:38:01 AM,%RH,79.032
09-05-13 09:38:01 AM,%RH,79.847
09-05-13 10:38:01 AM,%RH,81.063
09-05-13 11:38:01 AM,%RH,80.253
09-05-13 12:38:01 PM,%RH,77.803
09-05-13 01:38:01 PM,%RH,76.015
09-05-13 02:38:01 PM,%RH,74.072
09-05-13 03:38:01 PM,%RH,71.121
09-05-13 04:38:01 PM,%RH,68.129
09-05-13 05:38:01 PM,%RH,66.255
09-05-13 06:38:01 PM,%RH,65.966
09-05-13 07:38:01 PM,%RH,66.978
09-05-13 08:38:01 PM,%RH,67.554
09-05-13 09:38:01 PM,%RH,67.985
09-05-13 10:38:01 PM,%RH,68.129
09-05-13 11:38:01 PM,%RH,69.131
09-06-13 12:38:01 AM,%RH,69.274
09-06-13 01:38:01 AM,%RH,69.844
09-06-13 02:38:01 AM,%RH,69.844
09-06-13 03:38:01 AM,%RH,70.128
09-06-13 04:38:01 AM,%RH,70.27
09-06-13 05:38:01 AM,%RH,70.838
09-06-13 06:38:01 AM,%RH,71.686
09-06-13 07:38:01 AM,%RH,74.072
09-06-13 08:38:01 AM,%RH,75.323
09-06-13 09:38:01 AM,%RH,74.072
09-06-13 10:38:01 AM,%RH,77.94
09-06-13 11:38:01 AM,%RH,77.529
09-06-13 12:38:01 PM,%RH,71.686
09-06-13 01:38:01 PM,%RH,71.686
09-06-13 02:38:01 PM,%RH,70.128
09-06-13 03:38:01 PM,%RH,67.698
09-06-13 04:38:01 PM,%RH,65.24
09-06-13 05:38:01 PM,%RH,64.22
09-06-13 06:38:01 PM,%RH,64.949
09-06-13 07:38:01 PM,%RH,65.385
09-06-13 08:38:01 PM,%RH,64.803
09-06-13 09:38:01 PM,%RH,66.11
09-06-13 10:38:01 PM,%RH,66.689
09-06-13 11:38:01 PM,%RH,67.122
09-07-13 12:38:01 AM,%RH,68.415
09-07-13 01:38:01 AM,%RH,67.698
09-07-13 02:38:01 AM,%RH,69.416
09-07-13 03:38:01 AM,%RH,69.131
09-07-13 04:38:01 AM,%RH,69.844
09-07-13 05:38:01 AM,%RH,69.274
09-07-13 06:38:01 AM,%RH,70.838
09-07-13 07:38:01 AM,%RH,73.792
09-07-13 08:38:01 AM,%RH,75.184
09-07-13 09:38:01 AM,%RH,75.6
09-07-13 10:38:01 AM,%RH,72.531
09-07-13 11:38:01 AM,%RH,74.907
09-07-13 12:38:01 PM,%RH,71.545
09-07-13 01:38:01 PM,%RH,71.827
09-07-13 02:38:01 PM,%RH,67.985
09-07-13 03:38:01 PM,%RH,65.385
09-07-13 04:38:01 PM,%RH,64.949
09-07-13 05:38:01 PM,%RH,65.53
09-07-13 06:38:01 PM,%RH,66.544
09-07-13 07:38:01 PM,%RH,67.122
09-07-13 08:38:01 PM,%RH,67.698
09-07-13 09:38:01 PM,%RH,68.129
09-07-13 10:38:01 PM,%RH,69.131
09-07-13 11:38:01 PM,%RH,69.559
09-08-13 12:38:01 AM,%RH,69.844
09-08-13 01:38:01 AM,%RH,70.412
09-08-13 02:38:01 AM,%RH,70.838
09-08-13 03:38:01 AM,%RH,71.686
09-08-13 04:38:01 AM,%RH,70.27
09-08-13 05:38:01 AM,%RH,71.968
09-08-13 06:38:01 AM,%RH,72.672
09-08-13 07:38:01 AM,%RH,74.072
09-08-13 08:38:01 AM,%RH,75.6
09-08-13 09:38:01 AM,%RH,78.077
09-08-13 10:38:01 AM,%RH,77.392
09-08-13 11:38:01 AM,%RH,76.567
09-08-13 12:38:01 PM,%RH,74.072
09-08-13 01:38:01 PM,%RH,68.129
09-08-13 02:38:01 PM,%RH,67.122
09-08-13 03:38:01 PM,%RH,67.554
09-08-13 04:38:01 PM,%RH,69.274
09-08-13 05:38:01 PM,%RH,69.416
09-08-13 06:38:01 PM,%RH,69.274
09-08-13 07:38:01 PM,%RH,69.986
09-08-13 08:38:01 PM,%RH,69.986
09-08-13 09:38:01 PM,%RH,70.412
09-08-13 10:38:01 PM,%RH,71.686
09-08-13 11:38:01 PM,%RH,71.121
09-09-13 12:38:01 AM,%RH,71.827
09-09-13 01:38:01 AM,%RH,71.968
09-09-13 02:38:01 AM,%RH,72.952
09-09-13 03:38:01 AM,%RH,72.812
09-09-13 04:38:01 AM,%RH,73.653
09-09-13 05:38:01 AM,%RH,73.513
09-09-13 06:38:01 AM,%RH,74.49
09-09-13 07:38:01 AM,%RH,76.843
09-09-13 08:38:01 AM,%RH,77.666
09-09-13 09:38:01 AM,%RH,77.392
09-09-13 10:38:01 AM,%RH,77.666
09-09-13 11:38:01 AM,%RH,76.98
09-09-13 12:38:01 PM,%RH,76.153
09-09-13 01:38:01 PM,%RH,75.877
09-09-13 02:38:01 PM,%RH,73.932
09-09-13 03:38:01 PM,%RH,70.979
09-09-13 04:38:01 PM,%RH,72.391
09-09-13 05:38:01 PM,%RH,72.672
09-09-13 06:38:01 PM,%RH,73.373
09-09-13 07:38:01 PM,%RH,73.373
09-09-13 08:38:01 PM,%RH,73.792
09-09-13 09:38:01 PM,%RH,75.184
09-09-13 10:38:01 PM,%RH,74.907
09-09-13 11:38:01 PM,%RH,75.323
09-10-13 12:38:01 AM,%RH,75.739
09-10-13 01:38:01 AM,%RH,75.739
09-10-13 02:38:01 AM,%RH,76.567
09-10-13 03:38:01 AM,%RH,77.118
09-10-13 04:38:01 AM,%RH,77.529
09-10-13 05:38:01 AM,%RH,77.118
09-10-13 06:38:01 AM,%RH,78.214
09-10-13 07:38:01 AM,%RH,79.847
09-10-13 08:38:01 AM,%RH,80.253
09-10-13 09:38:01 AM,%RH,81.466
09-10-13 10:38:01 AM,%RH,78.896
09-10-13 11:38:01 AM,%RH,76.291
09-10-13 12:38:01 PM,%RH,75.6
09-10-13 01:38:01 PM,%RH,74.211
09-10-13 02:38:01 PM,%RH,75.046
09-10-13 03:38:01 PM,%RH,74.907
09-10-13 04:38:01 PM,%RH,75.6
09-10-13 05:38:01 PM,%RH,75.739
09-10-13 06:38:01 PM,%RH,76.015
09-10-13 07:38:01 PM,%RH,76.429
09-10-13 08:38:01 PM,%RH,76.705
09-10-13 09:38:01 PM,%RH,77.529
09-10-13 10:38:01 PM,%RH,78.077
09-10-13 11:38:01 PM,%RH,77.392
09-11-13 12:38:01 AM,%RH,78.214
09-11-13 01:38:01 AM,%RH,78.487
09-11-13 02:38:01 AM,%RH,79.032
09-11-13 03:38:01 AM,%RH,79.44
09-11-13 04:38:01 AM,%RH,78.76
09-11-13 05:38:01 AM,%RH,80.118
09-11-13 06:38:01 AM,%RH,80.388
09-11-13 07:38:01 AM,%RH,80.658
09-11-13 08:38:01 AM,%RH,81.197
09-11-13 09:38:01 AM,%RH,78.214
09-11-13 10:38:01 AM,%RH,77.803
09-11-13 11:38:01 AM,%RH,76.291
09-11-13 12:38:01 PM,%RH,76.015
09-11-13 01:38:01 PM,%RH,74.629
09-11-13 02:38:01 PM,%RH,73.373
09-11-13 03:38:01 PM,%RH,73.653
09-11-13 04:38:01 PM,%RH,72.812
09-11-13 05:38:01 PM,%RH,73.653
09-11-13 06:38:01 PM,%RH,74.211
09-11-13 07:38:01 PM,%RH,74.211
09-11-13 08:38:01 PM,%RH,74.211
09-11-13 09:38:01 PM,%RH,74.907
09-11-13 10:38:01 PM,%RH,75.046
09-11-13 11:38:01 PM,%RH,76.98
09-12-13 12:38:01 AM,%RH,76.291
09-12-13 01:38:01 AM,%RH,77.255
09-12-13 02:38:01 AM,%RH,77.529
09-12-13 03:38:01 AM,%RH,79.44
09-12-13 04:38:01 AM,%RH,77.529
09-12-13 05:38:01 AM,%RH,79.168
09-12-13 06:38:01 AM,%RH,79.032
09-12-13 07:38:01 AM,%RH,79.032
09-12-13 08:38:01 AM,%RH,79.032
09-12-13 09:38:01 AM,%RH,77.529
09-12-13 10:38:01 AM,%RH,76.98
09-12-13 11:38:01 AM,%RH,77.392
09-12-13 12:38:01 PM,%RH,74.907
09-12-13 01:38:01 PM,%RH,75.184
09-12-13 02:38:01 PM,%RH,74.49
09-12-13 03:38:01 PM,%RH,74.35
09-12-13 04:38:01 PM,%RH,74.35
09-12-13 05:38:01 PM,%RH,74.49
09-12-13 06:38:01 PM,%RH,74.907
09-12-13 07:38:01 PM,%RH,75.184
09-12-13 08:38:01 PM,%RH,75.184
09-12-13 09:38:01 PM,%RH,75.739
09-12-13 10:38:01 PM,%RH,76.567
09-12-13 11:38:01 PM,%RH,77.392
09-13-13 12:38:01 AM,%RH,77.94
09-13-13 01:38:01 AM,%RH,79.032
09-13-13 02:38:01 AM,%RH,78.76
09-13-13 03:38:01 AM,%RH,79.304
09-13-13 04:38:01 AM,%RH,80.253
09-13-13 05:38:01 AM,%RH,80.523
09-13-13 06:38:01 AM,%RH,81.332
09-13-13 07:38:01 AM,%RH,81.332
09-13-13 08:38:01 AM,%RH,79.847
09-13-13 09:38:01 AM,%RH,77.94
09-13-13 10:38:01 AM,%RH,78.76
09-13-13 11:38:01 AM,%RH,76.843
09-13-13 12:38:01 PM,%RH,75.739
09-13-13 01:38:01 PM,%RH,75.462
09-13-13 02:38:01 PM,%RH,73.932
09-13-13 03:38:01 PM,%RH,72.952
09-13-13 04:38:01 PM,%RH,75.462
09-13-13 05:38:01 PM,%RH,74.072
09-13-13 06:38:01 PM,%RH,74.35
09-13-13 07:38:01 PM,%RH,73.233
09-13-13 08:38:01 PM,%RH,74.211
09-13-13 09:38:01 PM,%RH,74.629
09-13-13 10:38:01 PM,%RH,75.462
09-13-13 11:38:01 PM,%RH,75.739
09-14-13 12:38:01 AM,%RH,76.015
09-14-13 01:38:01 AM,%RH,75.739
09-14-13 02:38:01 AM,%RH,76.153
09-14-13 03:38:01 AM,%RH,75.6
09-14-13 04:38:01 AM,%RH,77.666
09-14-13 05:38:01 AM,%RH,77.803
09-14-13 06:38:01 AM,%RH,78.35
09-14-13 07:38:01 AM,%RH,78.214
09-14-13 08:38:01 AM,%RH,78.896
09-14-13 09:38:01 AM,%RH,77.94
09-14-13 10:38:01 AM,%RH,76.843
09-14-13 11:38:01 AM,%RH,75.739
09-14-13 12:38:01 PM,%RH,73.932
09-14-13 01:38:01 PM,%RH,72.672
09-14-13 02:38:01 PM,%RH,71.968
09-14-13 03:38:01 PM,%RH,71.827
09-14-13 04:38:01 PM,%RH,71.404
09-14-13 05:38:01 PM,%RH,72.531
09-14-13 06:38:01 PM,%RH,72.812
09-14-13 07:38:01 PM,%RH,72.391
09-14-13 08:38:01 PM,%RH,73.653
09-14-13 09:38:01 PM,%RH,73.792
09-14-13 10:38:01 PM,%RH,74.35
09-14-13 11:38:01 PM,%RH,74.907
09-15-13 12:38:01 AM,%RH,74.211
09-15-13 01:38:01 AM,%RH,75.462
09-15-13 02:38:01 AM,%RH,76.153
09-15-13 03:38:01 AM,%RH,76.153
09-15-13 04:38:01 AM,%RH,76.291
09-15-13 05:38:01 AM,%RH,77.118
09-15-13 06:38:01 AM,%RH,76.98
09-15-13 07:38:01 AM,%RH,78.214
09-15-13 08:38:01 AM,%RH,77.666
09-15-13 09:38:01 AM,%RH,77.529
09-15-13 10:38:01 AM,%RH,76.567
09-15-13 11:38:01 AM,%RH,75.739
09-15-13 12:38:01 PM,%RH,74.211
09-15-13 01:38:01 PM,%RH,73.932
09-15-13 02:38:01 PM,%RH,73.233
09-15-13 03:38:01 PM,%RH,71.827
09-15-13 04:38:01 PM,%RH,72.391
09-15-13 05:38:01 PM,%RH,72.109
09-15-13 06:38:01 PM,%RH,72.812
09-15-13 07:38:01 PM,%RH,73.233
09-15-13 08:38:01 PM,%RH,73.093
09-15-13 09:38:01 PM,%RH,73.093
09-15-13 10:38:01 PM,%RH,74.072
09-15-13 11:38:01 PM,%RH,73.932
09-16-13 12:38:01 AM,%RH,74.768
09-16-13 01:38:01 AM,%RH,75.462
09-16-13 02:38:01 AM,%RH,75.462
09-16-13 03:38:01 AM,%RH,76.153
09-16-13 04:38:01 AM,%RH,76.153
09-16-13 05:38:01 AM,%RH,76.705
09-16-13 06:38:01 AM,%RH,77.803
09-16-13 07:38:01 AM,%RH,77.118
09-16-13 08:38:01 AM,%RH,78.214
09-16-13 09:38:01 AM,%RH,76.705
09-16-13 10:38:01 AM,%RH,71.121
